collection_timestamp,post_id,rank,score,age_hours,age_seconds,title,upvote_ratio,num_comments,url
2025-10-09 5:15:18 PM,1o1j45n,62,236,28.56,102815.96,"It's taken me years, but I finally have my portable drawing kit 100% dialed in. What's yours look like?",0.98,33,https://www.reddit.com/gallery/1o1j45n
2025-10-09 5:05:18 PM,1o1j45n,60,235,28.39,102215.52,"It's taken me years, but I finally have my portable drawing kit 100% dialed in. What's yours look like?",0.98,33,https://www.reddit.com/gallery/1o1j45n
2025-10-09 4:55:18 PM,1o1j45n,59,235,28.23,101615.86,"It's taken me years, but I finally have my portable drawing kit 100% dialed in. What's yours look like?",0.98,33,https://www.reddit.com/gallery/1o1j45n
2025-10-09 4:45:18 PM,1o1j45n,58,239,28.06,101015.57,"It's taken me years, but I finally have my portable drawing kit 100% dialed in. What's yours look like?",0.98,33,https://www.reddit.com/gallery/1o1j45n
2025-10-09 4:35:19 PM,1o1j45n,55,238,27.89,100416.08,"It's taken me years, but I finally have my portable drawing kit 100% dialed in. What's yours look like?",0.98,33,https://www.reddit.com/gallery/1o1j45n
2025-10-09 4:25:18 PM,1o1j45n,55,236,27.73,99815.61,"It's taken me years, but I finally have my portable drawing kit 100% dialed in. What's yours look like?",0.98,33,https://www.reddit.com/gallery/1o1j45n
2025-10-09 4:15:18 PM,1o1j45n,55,235,27.56,99215.37,"It's taken me years, but I finally have my portable drawing kit 100% dialed in. What's yours look like?",0.98,33,https://www.reddit.com/gallery/1o1j45n
2025-10-09 4:05:18 PM,1o1j45n,52,236,27.39,98615.61,"It's taken me years, but I finally have my portable drawing kit 100% dialed in. What's yours look like?",0.98,33,https://www.reddit.com/gallery/1o1j45n
2025-10-09 3:55:18 PM,1o1j45n,52,236,27.23,98015.23,"It's taken me years, but I finally have my portable drawing kit 100% dialed in. What's yours look like?",0.98,33,https://www.reddit.com/gallery/1o1j45n
2025-10-09 3:45:18 PM,1o1j45n,50,239,27.06,97415.91,"It's taken me years, but I finally have my portable drawing kit 100% dialed in. What's yours look like?",0.98,33,https://www.reddit.com/gallery/1o1j45n
2025-10-09 3:35:18 PM,1o1j45n,50,234,26.89,96815.23,"It's taken me years, but I finally have my portable drawing kit 100% dialed in. What's yours look like?",0.98,33,https://www.reddit.com/gallery/1o1j45n
2025-10-09 3:25:18 PM,1o1j45n,50,234,26.73,96215.97,"It's taken me years, but I finally have my portable drawing kit 100% dialed in. What's yours look like?",0.98,33,https://www.reddit.com/gallery/1o1j45n
2025-10-09 3:15:18 PM,1o1j45n,50,236,26.56,95615.54,"It's taken me years, but I finally have my portable drawing kit 100% dialed in. What's yours look like?",0.98,33,https://www.reddit.com/gallery/1o1j45n
2025-10-09 3:07:10 PM,1o1j45n,50,236,26.42,95127.64,"It's taken me years, but I finally have my portable drawing kit 100% dialed in. What's yours look like?",0.98,32,https://www.reddit.com/gallery/1o1j45n
2025-10-09 3:07:12 PM,1o1j45n,50,233,26.42,95129.61,"It's taken me years, but I finally have my portable drawing kit 100% dialed in. What's yours look like?",0.98,33,https://www.reddit.com/gallery/1o1j45n
2025-10-09 2:45:18 PM,1o1j45n,48,238,26.06,93815.25,"It's taken me years, but I finally have my portable drawing kit 100% dialed in. What's yours look like?",0.98,32,https://www.reddit.com/gallery/1o1j45n
2025-10-09 2:35:18 PM,1o1j45n,46,239,25.89,93215.9,"It's taken me years, but I finally have my portable drawing kit 100% dialed in. What's yours look like?",0.98,32,https://www.reddit.com/gallery/1o1j45n
2025-10-09 2:25:18 PM,1o1j45n,45,237,25.73,92615.6,"It's taken me years, but I finally have my portable drawing kit 100% dialed in. What's yours look like?",0.98,32,https://www.reddit.com/gallery/1o1j45n
2025-10-09 2:15:18 PM,1o1j45n,44,237,25.56,92015.9,"It's taken me years, but I finally have my portable drawing kit 100% dialed in. What's yours look like?",0.98,32,https://www.reddit.com/gallery/1o1j45n
2025-10-09 2:05:18 PM,1o1j45n,42,238,25.39,91415.29,"It's taken me years, but I finally have my portable drawing kit 100% dialed in. What's yours look like?",0.98,32,https://www.reddit.com/gallery/1o1j45n
2025-10-09 1:55:18 PM,1o1j45n,41,235,25.23,90815.35,"It's taken me years, but I finally have my portable drawing kit 100% dialed in. What's yours look like?",0.98,32,https://www.reddit.com/gallery/1o1j45n
2025-10-09 1:45:18 PM,1o1j45n,38,235,25.06,90215.45,"It's taken me years, but I finally have my portable drawing kit 100% dialed in. What's yours look like?",0.98,32,https://www.reddit.com/gallery/1o1j45n
2025-10-09 1:35:18 PM,1o1j45n,37,235,24.89,89615.2,"It's taken me years, but I finally have my portable drawing kit 100% dialed in. What's yours look like?",0.98,32,https://www.reddit.com/gallery/1o1j45n
2025-10-09 1:25:18 PM,1o1j45n,36,236,24.73,89015.74,"It's taken me years, but I finally have my portable drawing kit 100% dialed in. What's yours look like?",0.98,32,https://www.reddit.com/gallery/1o1j45n
2025-10-09 1:15:18 PM,1o1j45n,35,235,24.56,88415.36,"It's taken me years, but I finally have my portable drawing kit 100% dialed in. What's yours look like?",0.98,32,https://www.reddit.com/gallery/1o1j45n
2025-10-09 1:05:19 PM,1o1j45n,35,239,24.39,87816.11,"It's taken me years, but I finally have my portable drawing kit 100% dialed in. What's yours look like?",0.98,32,https://www.reddit.com/gallery/1o1j45n
2025-10-09 12:55:18 PM,1o1j45n,33,236,24.23,87215.69,"It's taken me years, but I finally have my portable drawing kit 100% dialed in. What's yours look like?",0.98,32,https://www.reddit.com/gallery/1o1j45n
2025-10-09 12:45:18 PM,1o1j45n,32,239,24.06,86615.12,"It's taken me years, but I finally have my portable drawing kit 100% dialed in. What's yours look like?",0.98,32,https://www.reddit.com/gallery/1o1j45n
2025-10-09 12:35:27 PM,1o1j45n,32,238,23.9,86024.34,"It's taken me years, but I finally have my portable drawing kit 100% dialed in. What's yours look like?",0.98,32,https://www.reddit.com/gallery/1o1j45n
2025-10-09 12:35:30 PM,1o1j45n,32,234,23.9,86027.41,"It's taken me years, but I finally have my portable drawing kit 100% dialed in. What's yours look like?",0.98,32,https://www.reddit.com/gallery/1o1j45n
2025-10-09 12:15:19 PM,1o1j45n,31,236,23.56,84816.01,"It's taken me years, but I finally have my portable drawing kit 100% dialed in. What's yours look like?",0.98,32,https://www.reddit.com/gallery/1o1j45n
2025-10-09 12:05:18 PM,1o1j45n,30,235,23.39,84215.28,"It's taken me years, but I finally have my portable drawing kit 100% dialed in. What's yours look like?",0.98,32,https://www.reddit.com/gallery/1o1j45n
2025-10-09 11:55:18 AM,1o1j45n,28,235,23.23,83615.16,"It's taken me years, but I finally have my portable drawing kit 100% dialed in. What's yours look like?",0.98,32,https://www.reddit.com/gallery/1o1j45n
2025-10-09 11:45:18 AM,1o1j45n,28,237,23.06,83015.41,"It's taken me years, but I finally have my portable drawing kit 100% dialed in. What's yours look like?",0.98,31,https://www.reddit.com/gallery/1o1j45n
2025-10-09 11:35:18 AM,1o1j45n,26,238,22.89,82415.69,"It's taken me years, but I finally have my portable drawing kit 100% dialed in. What's yours look like?",0.98,31,https://www.reddit.com/gallery/1o1j45n
2025-10-09 11:25:18 AM,1o1j45n,25,235,22.73,81815.18,"It's taken me years, but I finally have my portable drawing kit 100% dialed in. What's yours look like?",0.98,31,https://www.reddit.com/gallery/1o1j45n
2025-10-09 11:18:20 AM,1o1j45n,25,236,22.61,81397.7,"It's taken me years, but I finally have my portable drawing kit 100% dialed in. What's yours look like?",0.98,31,https://www.reddit.com/gallery/1o1j45n
2025-10-09 11:18:23 AM,1o1j45n,25,234,22.61,81400.62,"It's taken me years, but I finally have my portable drawing kit 100% dialed in. What's yours look like?",0.98,31,https://www.reddit.com/gallery/1o1j45n
2025-10-09 11:02:05 AM,1o1j45n,24,233,22.34,80422.57,"It's taken me years, but I finally have my portable drawing kit 100% dialed in. What's yours look like?",0.98,31,https://www.reddit.com/gallery/1o1j45n
2025-10-09 10:45:18 AM,1o1j45n,24,236,22.06,79415.81,"It's taken me years, but I finally have my portable drawing kit 100% dialed in. What's yours look like?",0.98,31,https://www.reddit.com/gallery/1o1j45n
2025-10-09 10:44:15 AM,1o1j45n,24,236,22.04,79352.66,"It's taken me years, but I finally have my portable drawing kit 100% dialed in. What's yours look like?",0.98,31,https://www.reddit.com/gallery/1o1j45n
2025-10-09 10:25:18 AM,1o1j45n,24,237,21.73,78215.48,"It's taken me years, but I finally have my portable drawing kit 100% dialed in. What's yours look like?",0.98,31,https://www.reddit.com/gallery/1o1j45n
2025-10-09 10:15:18 AM,1o1j45n,24,238,21.56,77615.81,"It's taken me years, but I finally have my portable drawing kit 100% dialed in. What's yours look like?",0.98,31,https://www.reddit.com/gallery/1o1j45n
2025-10-09 10:05:18 AM,1o1j45n,23,238,21.39,77015.34,"It's taken me years, but I finally have my portable drawing kit 100% dialed in. What's yours look like?",0.98,31,https://www.reddit.com/gallery/1o1j45n
2025-10-09 9:55:18 AM,1o1j45n,21,238,21.23,76415.41,"It's taken me years, but I finally have my portable drawing kit 100% dialed in. What's yours look like?",0.98,31,https://www.reddit.com/gallery/1o1j45n
2025-10-09 9:45:18 AM,1o1j45n,20,233,21.06,75815.87,"It's taken me years, but I finally have my portable drawing kit 100% dialed in. What's yours look like?",0.98,31,https://www.reddit.com/gallery/1o1j45n
2025-10-09 9:35:18 AM,1o1j45n,20,236,20.89,75215.44,"It's taken me years, but I finally have my portable drawing kit 100% dialed in. What's yours look like?",0.98,31,https://www.reddit.com/gallery/1o1j45n
2025-10-09 9:25:18 AM,1o1j45n,19,235,20.73,74615.72,"It's taken me years, but I finally have my portable drawing kit 100% dialed in. What's yours look like?",0.98,31,https://www.reddit.com/gallery/1o1j45n
2025-10-09 9:24:40 AM,1o1j45n,19,235,20.72,74577.49,"It's taken me years, but I finally have my portable drawing kit 100% dialed in. What's yours look like?",0.98,31,https://www.reddit.com/gallery/1o1j45n
2025-10-09 9:05:19 AM,1o1j45n,18,234,20.39,73416.08,"It's taken me years, but I finally have my portable drawing kit 100% dialed in. What's yours look like?",0.98,30,https://www.reddit.com/gallery/1o1j45n
2025-10-09 8:55:18 AM,1o1j45n,17,235,20.23,72815.94,"It's taken me years, but I finally have my portable drawing kit 100% dialed in. What's yours look like?",0.98,29,https://www.reddit.com/gallery/1o1j45n
2025-10-09 8:45:18 AM,1o1j45n,18,234,20.06,72215.24,"It's taken me years, but I finally have my portable drawing kit 100% dialed in. What's yours look like?",0.98,29,https://www.reddit.com/gallery/1o1j45n
2025-10-09 8:35:18 AM,1o1j45n,18,233,19.89,71615.17,"It's taken me years, but I finally have my portable drawing kit 100% dialed in. What's yours look like?",0.98,29,https://www.reddit.com/gallery/1o1j45n
2025-10-09 8:25:18 AM,1o1j45n,17,232,19.73,71015.76,"It's taken me years, but I finally have my portable drawing kit 100% dialed in. What's yours look like?",0.98,29,https://www.reddit.com/gallery/1o1j45n
2025-10-09 8:15:18 AM,1o1j45n,16,231,19.56,70415.52,"It's taken me years, but I finally have my portable drawing kit 100% dialed in. What's yours look like?",0.98,29,https://www.reddit.com/gallery/1o1j45n
2025-10-09 8:05:18 AM,1o1j45n,15,233,19.39,69815.79,"It's taken me years, but I finally have my portable drawing kit 100% dialed in. What's yours look like?",0.98,29,https://www.reddit.com/gallery/1o1j45n
2025-10-09 7:55:18 AM,1o1j45n,15,230,19.23,69215.9,"It's taken me years, but I finally have my portable drawing kit 100% dialed in. What's yours look like?",0.98,29,https://www.reddit.com/gallery/1o1j45n
2025-10-09 7:54:53 AM,1o1j45n,14,233,19.22,69190.22,"It's taken me years, but I finally have my portable drawing kit 100% dialed in. What's yours look like?",0.98,29,https://www.reddit.com/gallery/1o1j45n
2025-10-09 7:36:30 AM,1o1j45n,14,229,18.91,68087.74,"It's taken me years, but I finally have my portable drawing kit 100% dialed in. What's yours look like?",0.98,28,https://www.reddit.com/gallery/1o1j45n
2025-10-09 7:36:32 AM,1o1j45n,14,230,18.91,68089.55,"It's taken me years, but I finally have my portable drawing kit 100% dialed in. What's yours look like?",0.98,28,https://www.reddit.com/gallery/1o1j45n
2025-10-09 7:15:18 AM,1o1j45n,14,228,18.56,66815.36,"It's taken me years, but I finally have my portable drawing kit 100% dialed in. What's yours look like?",0.98,28,https://www.reddit.com/gallery/1o1j45n
2025-10-09 7:05:18 AM,1o1j45n,13,225,18.39,66215.73,"It's taken me years, but I finally have my portable drawing kit 100% dialed in. What's yours look like?",0.98,28,https://www.reddit.com/gallery/1o1j45n
2025-10-09 6:55:18 AM,1o1j45n,13,225,18.23,65615.3,"It's taken me years, but I finally have my portable drawing kit 100% dialed in. What's yours look like?",0.98,28,https://www.reddit.com/gallery/1o1j45n
2025-10-09 6:45:18 AM,1o1j45n,13,225,18.06,65015.71,"It's taken me years, but I finally have my portable drawing kit 100% dialed in. What's yours look like?",0.98,28,https://www.reddit.com/gallery/1o1j45n
2025-10-09 6:35:18 AM,1o1j45n,13,225,17.89,64415.23,"It's taken me years, but I finally have my portable drawing kit 100% dialed in. What's yours look like?",0.98,28,https://www.reddit.com/gallery/1o1j45n
2025-10-09 6:25:18 AM,1o1j45n,12,223,17.73,63815.73,"It's taken me years, but I finally have my portable drawing kit 100% dialed in. What's yours look like?",0.98,28,https://www.reddit.com/gallery/1o1j45n
2025-10-09 6:17:35 AM,1o1j45n,11,223,17.6,63352.64,"It's taken me years, but I finally have my portable drawing kit 100% dialed in. What's yours look like?",0.98,28,https://www.reddit.com/gallery/1o1j45n
2025-10-09 6:17:37 AM,1o1j45n,11,223,17.6,63354.78,"It's taken me years, but I finally have my portable drawing kit 100% dialed in. What's yours look like?",0.98,28,https://www.reddit.com/gallery/1o1j45n
2025-10-09 6:00:59 AM,1o1j45n,11,223,17.32,62356.59,"It's taken me years, but I finally have my portable drawing kit 100% dialed in. What's yours look like?",0.98,28,https://www.reddit.com/gallery/1o1j45n
2025-10-09 5:45:18 AM,1o1j45n,10,220,17.06,61415.24,"It's taken me years, but I finally have my portable drawing kit 100% dialed in. What's yours look like?",0.98,28,https://www.reddit.com/gallery/1o1j45n
2025-10-09 5:35:18 AM,1o1j45n,10,219,16.89,60815.41,"It's taken me years, but I finally have my portable drawing kit 100% dialed in. What's yours look like?",0.98,28,https://www.reddit.com/gallery/1o1j45n
2025-10-09 5:25:19 AM,1o1j45n,10,219,16.73,60216.02,"It's taken me years, but I finally have my portable drawing kit 100% dialed in. What's yours look like?",0.98,28,https://www.reddit.com/gallery/1o1j45n
2025-10-09 5:15:18 AM,1o1j45n,10,216,16.56,59615.43,"It's taken me years, but I finally have my portable drawing kit 100% dialed in. What's yours look like?",0.98,28,https://www.reddit.com/gallery/1o1j45n
2025-10-09 5:05:18 AM,1o1j45n,10,216,16.39,59015.99,"It's taken me years, but I finally have my portable drawing kit 100% dialed in. What's yours look like?",0.98,28,https://www.reddit.com/gallery/1o1j45n
2025-10-09 4:55:18 AM,1o1j45n,10,214,16.23,58415.71,"It's taken me years, but I finally have my portable drawing kit 100% dialed in. What's yours look like?",0.98,28,https://www.reddit.com/gallery/1o1j45n
2025-10-09 4:46:15 AM,1o1j45n,10,216,16.08,57872.47,"It's taken me years, but I finally have my portable drawing kit 100% dialed in. What's yours look like?",0.98,28,https://www.reddit.com/gallery/1o1j45n
2025-10-09 4:46:17 AM,1o1j45n,10,216,16.08,57874.69,"It's taken me years, but I finally have my portable drawing kit 100% dialed in. What's yours look like?",0.98,28,https://www.reddit.com/gallery/1o1j45n
2025-10-09 4:25:19 AM,1o1j45n,9,217,15.73,56616.09,"It's taken me years, but I finally have my portable drawing kit 100% dialed in. What's yours look like?",0.98,28,https://www.reddit.com/gallery/1o1j45n
2025-10-09 4:15:18 AM,1o1j45n,9,214,15.56,56015.53,"It's taken me years, but I finally have my portable drawing kit 100% dialed in. What's yours look like?",0.98,28,https://www.reddit.com/gallery/1o1j45n
2025-10-09 4:05:18 AM,1o1j45n,9,214,15.39,55416,"It's taken me years, but I finally have my portable drawing kit 100% dialed in. What's yours look like?",0.98,28,https://www.reddit.com/gallery/1o1j45n
2025-10-09 3:55:18 AM,1o1j45n,9,213,15.23,54815.55,"It's taken me years, but I finally have my portable drawing kit 100% dialed in. What's yours look like?",0.98,28,https://www.reddit.com/gallery/1o1j45n
2025-10-09 3:45:18 AM,1o1j45n,9,214,15.06,54215.8,"It's taken me years, but I finally have my portable drawing kit 100% dialed in. What's yours look like?",0.98,28,https://www.reddit.com/gallery/1o1j45n
2025-10-09 3:35:18 AM,1o1j45n,9,214,14.89,53615.47,"It's taken me years, but I finally have my portable drawing kit 100% dialed in. What's yours look like?",0.98,28,https://www.reddit.com/gallery/1o1j45n
2025-10-09 3:30:04 AM,1o1j45n,9,213,14.81,53301.94,"It's taken me years, but I finally have my portable drawing kit 100% dialed in. What's yours look like?",0.98,28,https://www.reddit.com/gallery/1o1j45n
2025-10-09 3:30:07 AM,1o1j45n,9,215,14.81,53304.32,"It's taken me years, but I finally have my portable drawing kit 100% dialed in. What's yours look like?",0.98,28,https://www.reddit.com/gallery/1o1j45n
2025-10-09 3:13:55 AM,1o1j45n,9,211,14.54,52332.53,"It's taken me years, but I finally have my portable drawing kit 100% dialed in. What's yours look like?",0.98,28,https://www.reddit.com/gallery/1o1j45n
2025-10-09 2:55:18 AM,1o1j45n,9,214,14.23,51215.66,"It's taken me years, but I finally have my portable drawing kit 100% dialed in. What's yours look like?",0.98,28,https://www.reddit.com/gallery/1o1j45n
2025-10-09 2:45:18 AM,1o1j45n,9,209,14.06,50615.15,"It's taken me years, but I finally have my portable drawing kit 100% dialed in. What's yours look like?",0.98,28,https://www.reddit.com/gallery/1o1j45n
2025-10-09 2:35:18 AM,1o1j45n,9,210,13.89,50015.95,"It's taken me years, but I finally have my portable drawing kit 100% dialed in. What's yours look like?",0.98,28,https://www.reddit.com/gallery/1o1j45n
2025-10-09 2:25:18 AM,1o1j45n,8,211,13.73,49415.51,"It's taken me years, but I finally have my portable drawing kit 100% dialed in. What's yours look like?",0.98,28,https://www.reddit.com/gallery/1o1j45n
2025-10-09 2:15:18 AM,1o1j45n,8,209,13.56,48815.72,"It's taken me years, but I finally have my portable drawing kit 100% dialed in. What's yours look like?",0.98,28,https://www.reddit.com/gallery/1o1j45n
2025-10-09 2:05:18 AM,1o1j45n,8,209,13.39,48215.9,"It's taken me years, but I finally have my portable drawing kit 100% dialed in. What's yours look like?",0.98,28,https://www.reddit.com/gallery/1o1j45n
2025-10-09 1:57:38 AM,1o1j45n,8,209,13.27,47755.57,"It's taken me years, but I finally have my portable drawing kit 100% dialed in. What's yours look like?",0.98,28,https://www.reddit.com/gallery/1o1j45n
2025-10-09 1:57:41 AM,1o1j45n,8,207,13.27,47758.74,"It's taken me years, but I finally have my portable drawing kit 100% dialed in. What's yours look like?",0.98,28,https://www.reddit.com/gallery/1o1j45n
2025-10-09 1:35:18 AM,1o1j45n,8,203,12.89,46415.63,"It's taken me years, but I finally have my portable drawing kit 100% dialed in. What's yours look like?",0.98,28,https://www.reddit.com/gallery/1o1j45n
2025-10-09 1:25:18 AM,1o1j45n,8,205,12.73,45815.17,"It's taken me years, but I finally have my portable drawing kit 100% dialed in. What's yours look like?",0.98,28,https://www.reddit.com/gallery/1o1j45n
2025-10-09 1:15:18 AM,1o1j45n,8,206,12.56,45215.74,"It's taken me years, but I finally have my portable drawing kit 100% dialed in. What's yours look like?",0.98,28,https://www.reddit.com/gallery/1o1j45n
2025-10-09 1:05:18 AM,1o1j45n,8,204,12.39,44615.11,"It's taken me years, but I finally have my portable drawing kit 100% dialed in. What's yours look like?",0.98,28,https://www.reddit.com/gallery/1o1j45n
2025-10-09 12:55:18 AM,1o1j45n,8,199,12.23,44015.47,"It's taken me years, but I finally have my portable drawing kit 100% dialed in. What's yours look like?",0.98,28,https://www.reddit.com/gallery/1o1j45n
2025-10-09 12:45:18 AM,1o1j45n,8,198,12.06,43415.93,"It's taken me years, but I finally have my portable drawing kit 100% dialed in. What's yours look like?",0.98,28,https://www.reddit.com/gallery/1o1j45n
2025-10-09 12:40:27 AM,1o1j45n,8,200,11.98,43124.94,"It's taken me years, but I finally have my portable drawing kit 100% dialed in. What's yours look like?",0.98,28,https://www.reddit.com/gallery/1o1j45n
2025-10-09 12:40:31 AM,1o1j45n,8,200,11.98,43128.34,"It's taken me years, but I finally have my portable drawing kit 100% dialed in. What's yours look like?",0.98,28,https://www.reddit.com/gallery/1o1j45n
2025-10-09 12:23:02 AM,1o1j45n,8,199,11.69,42079.25,"It's taken me years, but I finally have my portable drawing kit 100% dialed in. What's yours look like?",0.98,27,https://www.reddit.com/gallery/1o1j45n
2025-10-09 12:05:18 AM,1o1j45n,8,195,11.39,41015.2,"It's taken me years, but I finally have my portable drawing kit 100% dialed in. What's yours look like?",0.98,27,https://www.reddit.com/gallery/1o1j45n
2025-10-08 11:55:18 PM,1o1j45n,8,194,11.23,40415.77,"It's taken me years, but I finally have my portable drawing kit 100% dialed in. What's yours look like?",0.98,27,https://www.reddit.com/gallery/1o1j45n
2025-10-08 11:45:18 PM,1o1j45n,8,191,11.06,39815.56,"It's taken me years, but I finally have my portable drawing kit 100% dialed in. What's yours look like?",0.98,27,https://www.reddit.com/gallery/1o1j45n
2025-10-08 11:35:19 PM,1o1j45n,8,190,10.89,39216,"It's taken me years, but I finally have my portable drawing kit 100% dialed in. What's yours look like?",0.98,27,https://www.reddit.com/gallery/1o1j45n
2025-10-08 11:25:18 PM,1o1j45n,7,190,10.73,38615.46,"It's taken me years, but I finally have my portable drawing kit 100% dialed in. What's yours look like?",0.98,27,https://www.reddit.com/gallery/1o1j45n
2025-10-08 11:15:18 PM,1o1j45n,6,189,10.56,38015.19,"It's taken me years, but I finally have my portable drawing kit 100% dialed in. What's yours look like?",0.98,27,https://www.reddit.com/gallery/1o1j45n
2025-10-08 11:05:18 PM,1o1j45n,6,188,10.39,37415.85,"It's taken me years, but I finally have my portable drawing kit 100% dialed in. What's yours look like?",0.98,27,https://www.reddit.com/gallery/1o1j45n
2025-10-08 10:55:18 PM,1o1j45n,6,187,10.23,36815.73,"It's taken me years, but I finally have my portable drawing kit 100% dialed in. What's yours look like?",0.98,27,https://www.reddit.com/gallery/1o1j45n
2025-10-08 10:45:18 PM,1o1j45n,5,189,10.06,36215.24,"It's taken me years, but I finally have my portable drawing kit 100% dialed in. What's yours look like?",0.98,27,https://www.reddit.com/gallery/1o1j45n
2025-10-08 10:35:18 PM,1o1j45n,5,187,9.89,35615.79,"It's taken me years, but I finally have my portable drawing kit 100% dialed in. What's yours look like?",0.98,27,https://www.reddit.com/gallery/1o1j45n
2025-10-08 10:25:18 PM,1o1j45n,5,185,9.73,35016,"It's taken me years, but I finally have my portable drawing kit 100% dialed in. What's yours look like?",0.98,26,https://www.reddit.com/gallery/1o1j45n
2025-10-08 10:15:18 PM,1o1j45n,5,183,9.56,34415.51,"It's taken me years, but I finally have my portable drawing kit 100% dialed in. What's yours look like?",0.98,25,https://www.reddit.com/gallery/1o1j45n
2025-10-08 10:13:47 PM,1o1j45n,5,182,9.53,34324.24,"It's taken me years, but I finally have my portable drawing kit 100% dialed in. What's yours look like?",0.98,25,https://www.reddit.com/gallery/1o1j45n
2025-10-08 9:56:33 PM,1o1j45n,5,178,9.25,33290.01,"It's taken me years, but I finally have my portable drawing kit 100% dialed in. What's yours look like?",0.98,24,https://www.reddit.com/gallery/1o1j45n
2025-10-08 9:56:34 PM,1o1j45n,5,179,9.25,33291.63,"It's taken me years, but I finally have my portable drawing kit 100% dialed in. What's yours look like?",0.98,24,https://www.reddit.com/gallery/1o1j45n
2025-10-08 9:40:06 PM,1o1j45n,5,176,8.97,32303.24,"It's taken me years, but I finally have my portable drawing kit 100% dialed in. What's yours look like?",0.98,24,https://www.reddit.com/gallery/1o1j45n
2025-10-08 9:40:10 PM,1o1j45n,5,175,8.97,32307.07,"It's taken me years, but I finally have my portable drawing kit 100% dialed in. What's yours look like?",0.98,24,https://www.reddit.com/gallery/1o1j45n
2025-10-08 9:15:18 PM,1o1j45n,5,173,8.56,30815.82,"It's taken me years, but I finally have my portable drawing kit 100% dialed in. What's yours look like?",0.98,24,https://www.reddit.com/gallery/1o1j45n
2025-10-08 9:05:18 PM,1o1j45n,5,170,8.39,30215.23,"It's taken me years, but I finally have my portable drawing kit 100% dialed in. What's yours look like?",0.98,24,https://www.reddit.com/gallery/1o1j45n
2025-10-08 8:55:18 PM,1o1j45n,5,164,8.23,29615.65,"It's taken me years, but I finally have my portable drawing kit 100% dialed in. What's yours look like?",0.98,24,https://www.reddit.com/gallery/1o1j45n
2025-10-08 8:45:18 PM,1o1j45n,5,161,8.06,29015.21,"It's taken me years, but I finally have my portable drawing kit 100% dialed in. What's yours look like?",0.98,24,https://www.reddit.com/gallery/1o1j45n
2025-10-08 8:35:18 PM,1o1j45n,5,162,7.89,28415.48,"It's taken me years, but I finally have my portable drawing kit 100% dialed in. What's yours look like?",0.98,23,https://www.reddit.com/gallery/1o1j45n
2025-10-08 8:25:18 PM,1o1j45n,5,164,7.73,27815.38,"It's taken me years, but I finally have my portable drawing kit 100% dialed in. What's yours look like?",0.98,17,https://www.reddit.com/gallery/1o1j45n
2025-10-08 8:22:02 PM,1o1j45n,5,159,7.67,27619.8,"It's taken me years, but I finally have my portable drawing kit 100% dialed in. What's yours look like?",0.98,17,https://www.reddit.com/gallery/1o1j45n
2025-10-08 8:05:12 PM,1o1j45n,5,157,7.39,26609.3,"It's taken me years, but I finally have my portable drawing kit 100% dialed in. What's yours look like?",0.98,16,https://www.reddit.com/gallery/1o1j45n
2025-10-08 8:05:18 PM,1o1j45n,5,159,7.39,26616,"It's taken me years, but I finally have my portable drawing kit 100% dialed in. What's yours look like?",0.98,16,https://www.reddit.com/gallery/1o1j45n
2025-10-08 7:45:18 PM,1o1j45n,5,153,7.06,25415.19,"It's taken me years, but I finally have my portable drawing kit 100% dialed in. What's yours look like?",0.98,16,https://www.reddit.com/gallery/1o1j45n
2025-10-08 7:35:18 PM,1o1j45n,5,150,6.89,24815.84,"It's taken me years, but I finally have my portable drawing kit 100% dialed in. What's yours look like?",0.98,16,https://www.reddit.com/gallery/1o1j45n
2025-10-08 7:25:18 PM,1o1j45n,5,151,6.73,24215.39,"It's taken me years, but I finally have my portable drawing kit 100% dialed in. What's yours look like?",0.98,16,https://www.reddit.com/gallery/1o1j45n
2025-10-08 7:15:18 PM,1o1j45n,5,150,6.56,23615.66,"It's taken me years, but I finally have my portable drawing kit 100% dialed in. What's yours look like?",0.98,16,https://www.reddit.com/gallery/1o1j45n
2025-10-08 7:05:18 PM,1o1j45n,5,145,6.39,23015.68,"It's taken me years, but I finally have my portable drawing kit 100% dialed in. What's yours look like?",0.98,16,https://www.reddit.com/gallery/1o1j45n
2025-10-08 6:55:18 PM,1o1j45n,5,146,6.23,22415.83,"It's taken me years, but I finally have my portable drawing kit 100% dialed in. What's yours look like?",0.98,16,https://www.reddit.com/gallery/1o1j45n
2025-10-08 6:47:36 PM,1o1j45n,5,140,6.1,21953.03,"It's taken me years, but I finally have my portable drawing kit 100% dialed in. What's yours look like?",0.98,16,https://www.reddit.com/gallery/1o1j45n
2025-10-08 6:47:39 PM,1o1j45n,5,141,6.1,21956.15,"It's taken me years, but I finally have my portable drawing kit 100% dialed in. What's yours look like?",0.98,16,https://www.reddit.com/gallery/1o1j45n
2025-10-08 6:31:22 PM,1o1j45n,5,143,5.83,20979.32,"It's taken me years, but I finally have my portable drawing kit 100% dialed in. What's yours look like?",0.98,16,https://www.reddit.com/gallery/1o1j45n
2025-10-08 6:15:18 PM,1o1j45n,5,137,5.56,20015.45,"It's taken me years, but I finally have my portable drawing kit 100% dialed in. What's yours look like?",0.98,15,https://www.reddit.com/gallery/1o1j45n
2025-10-08 6:15:20 PM,1o1j45n,5,137,5.56,20017.85,"It's taken me years, but I finally have my portable drawing kit 100% dialed in. What's yours look like?",0.98,15,https://www.reddit.com/gallery/1o1j45n
2025-10-08 5:59:15 PM,1o1j45n,5,132,5.29,19052.43,"It's taken me years, but I finally have my portable drawing kit 100% dialed in. What's yours look like?",0.98,15,https://www.reddit.com/gallery/1o1j45n
2025-10-08 5:59:18 PM,1o1j45n,5,129,5.29,19055.2,"It's taken me years, but I finally have my portable drawing kit 100% dialed in. What's yours look like?",0.98,15,https://www.reddit.com/gallery/1o1j45n
2025-10-08 5:42:10 PM,1o1j45n,4,127,5.01,18027.42,"It's taken me years, but I finally have my portable drawing kit 100% dialed in. What's yours look like?",0.98,15,https://www.reddit.com/gallery/1o1j45n
2025-10-08 5:15:18 PM,1o1j45n,4,126,4.56,16415.1,"It's taken me years, but I finally have my portable drawing kit 100% dialed in. What's yours look like?",0.99,15,https://www.reddit.com/gallery/1o1j45n