collection_timestamp,subreddit,title,rank,score,age_hours,age_seconds,upvote_ratio,num_comments
2025-10-16 1:36:06 PM,itookapicture,ITAP of snowfall,1,749,2.92,10506.03,1,16
2025-10-16 1:36:06 PM,itookapicture,ITAP of a mountain in Argentina,2,589,8,28812.03,0.99,9
2025-10-16 1:36:06 PM,itookapicture,ITAP of a cistern,3,227,7.07,25455.03,1,3
2025-10-16 1:36:06 PM,itookapicture,ITAP of a mountain after the first snowfall of the season.,4,1003,16.47,59288.03,1,8
2025-10-16 1:36:06 PM,itookapicture,ITAP of air balloons,5,422,13.59,48926.03,0.99,3
2025-10-16 1:56:58 PM,itookapicture,ITAP of snowfall,1,939,3.27,11758.46,1,21
2025-10-16 1:56:58 PM,itookapicture,ITAP of a mountain in Argentina,2,592,8.35,30064.46,0.99,9
2025-10-16 1:56:58 PM,itookapicture,ITAP of a cistern,3,250,7.42,26707.46,1,4
2025-10-16 1:56:58 PM,itookapicture,ITAP of a mountain after the first snowfall of the season.,4,1021,16.82,60540.46,1,9
2025-10-16 1:56:58 PM,itookapicture,ITAP of air balloons,6,431,13.94,50178.46,0.99,3
2025-10-16 2:06:06 PM,itookapicture,ITAP of snowfall,1,989,3.42,12306.97,1,21
2025-10-16 2:06:06 PM,itookapicture,ITAP of a mountain in Argentina,2,591,8.5,30612.97,0.99,9
2025-10-16 2:06:06 PM,itookapicture,ITAP of a cistern,3,250,7.57,27255.97,1,4
2025-10-16 2:06:06 PM,itookapicture,ITAP of a mountain after the first snowfall of the season.,4,1027,16.97,61088.97,1,10
2025-10-16 2:06:06 PM,itookapicture,ITAP of air balloons,7,430,14.09,50726.97,0.99,3
2025-10-16 2:16:06 PM,itookapicture,ITAP of snowfall,1,1045,3.59,12906.99,1,29
2025-10-16 2:16:06 PM,itookapicture,ITAP of a mountain in Argentina,2,596,8.67,31212.99,0.99,9
2025-10-16 2:16:06 PM,itookapicture,ITAP of a cistern,3,260,7.74,27855.99,1,4
2025-10-16 2:16:06 PM,itookapicture,ITAP of a mountain after the first snowfall of the season.,4,1033,17.14,61688.99,1,10
2025-10-16 2:16:06 PM,itookapicture,ITAP of air balloons,7,426,14.26,51326.99,0.99,3
2025-10-16 2:26:06 PM,itookapicture,ITAP of snowfall,1,1102,3.75,13506.46,1,29
2025-10-16 2:26:06 PM,itookapicture,ITAP of a mountain in Argentina,2,597,8.84,31812.46,0.99,9
2025-10-16 2:26:06 PM,itookapicture,ITAP of a cistern,3,263,7.9,28455.46,1,4
2025-10-16 2:26:06 PM,itookapicture,ITAP of a mountain after the first snowfall of the season.,5,1037,17.3,62288.46,1,10
2025-10-16 2:26:06 PM,itookapicture,ITAP of air balloons,7,424,14.42,51926.46,0.99,3
2025-10-16 2:36:06 PM,itookapicture,ITAP of snowfall,1,1159,3.92,14106.13,1,29
2025-10-16 2:36:06 PM,itookapicture,ITAP of a mountain in Argentina,2,600,9,32412.13,0.99,9
2025-10-16 2:36:06 PM,itookapicture,ITAP of a cistern,3,277,8.07,29055.13,1,4
2025-10-16 2:36:06 PM,itookapicture,ITAP of a mountain after the first snowfall of the season.,5,1041,17.47,62888.13,1,10
2025-10-16 2:36:06 PM,itookapicture,ITAP of air balloons,7,431,14.59,52526.13,0.99,3
2025-10-16 2:46:06 PM,itookapicture,ITAP of snowfall,1,1201,4.09,14706.62,0.99,29
2025-10-16 2:46:06 PM,itookapicture,ITAP of a mountain in Argentina,2,596,9.17,33012.62,0.99,9
2025-10-16 2:46:06 PM,itookapicture,ITAP of a cistern,3,281,8.24,29655.62,1,4
2025-10-16 2:46:06 PM,itookapicture,ITAP of a mountain after the first snowfall of the season.,5,1047,17.64,63488.62,1,10
2025-10-16 2:46:06 PM,itookapicture,ITAP of air balloons,7,433,14.76,53126.62,0.99,3
2025-10-16 2:56:06 PM,itookapicture,ITAP of snowfall,1,1251,4.25,15306.04,0.99,29
2025-10-16 2:56:06 PM,itookapicture,ITAP of a mountain in Argentina,2,605,9.34,33612.04,0.99,9
2025-10-16 2:56:06 PM,itookapicture,ITAP of a cistern,3,287,8.4,30255.04,1,4
2025-10-16 2:56:06 PM,itookapicture,ITAP of a mountain after the first snowfall of the season.,5,1055,17.8,64088.04,1,10
2025-10-16 2:56:06 PM,itookapicture,ITAP of air balloons,7,443,14.92,53726.04,0.99,3
2025-10-16 3:06:06 PM,itookapicture,ITAP of snowfall,1,1285,4.42,15906.39,0.99,29
2025-10-16 3:06:06 PM,itookapicture,ITAP of a mountain in Argentina,2,604,9.5,34212.39,0.99,9
2025-10-16 3:06:06 PM,itookapicture,ITAP of a cistern,3,290,8.57,30855.39,1,4
2025-10-16 3:06:06 PM,itookapicture,ITAP of a mountain after the first snowfall of the season.,5,1059,17.97,64688.39,1,10
2025-10-16 3:06:06 PM,itookapicture,ITAP of air balloons,7,445,15.09,54326.39,0.99,3
2025-10-16 3:16:06 PM,itookapicture,ITAP of snowfall,1,1335,4.59,16506.68,0.99,30
2025-10-16 3:16:06 PM,itookapicture,ITAP of a mountain in Argentina,2,612,9.67,34812.68,0.99,9
2025-10-16 3:16:06 PM,itookapicture,ITAP of a cistern,3,298,8.74,31455.68,1,4
2025-10-16 3:16:06 PM,itookapicture,ITAP of a mountain after the first snowfall of the season.,5,1058,18.14,65288.68,1,10
2025-10-16 3:16:06 PM,itookapicture,ITAP of air balloons,7,437,15.26,54926.68,0.99,3
2025-10-16 3:26:06 PM,itookapicture,ITAP of snowfall,1,1371,4.75,17106.8,0.99,32
2025-10-16 3:26:06 PM,itookapicture,ITAP of a mountain in Argentina,2,606,9.84,35412.8,0.99,9
2025-10-16 3:26:06 PM,itookapicture,ITAP of a cistern,3,310,8.9,32055.8,1,5
2025-10-16 3:26:06 PM,itookapicture,ITAP of a mountain after the first snowfall of the season.,5,1066,18.3,65888.8,1,10
2025-10-16 3:26:06 PM,itookapicture,ITAP of air balloons,7,452,15.42,55526.8,0.99,3
2025-10-16 3:36:06 PM,itookapicture,ITAP of snowfall,1,1413,4.92,17706.81,0.99,33
2025-10-16 3:36:06 PM,itookapicture,ITAP of a mountain in Argentina,2,612,10,36012.81,0.99,9
2025-10-16 3:36:06 PM,itookapicture,ITAP of a cistern,4,321,9.07,32655.81,1,5
2025-10-16 3:36:06 PM,itookapicture,ITAP of a mountain after the first snowfall of the season.,5,1065,18.47,66488.81,1,10
2025-10-16 3:36:06 PM,itookapicture,ITAP of air balloons,7,449,15.59,56126.81,0.99,3
2025-10-16 3:46:06 PM,itookapicture,ITAP of snowfall,1,1454,5.09,18306.94,0.99,35
2025-10-16 3:46:06 PM,itookapicture,ITAP of a mountain in Argentina,2,618,10.17,36612.94,0.99,10
2025-10-16 3:46:06 PM,itookapicture,ITAP of a cistern,4,334,9.24,33255.94,1,5
2025-10-16 3:46:06 PM,itookapicture,ITAP of a mountain after the first snowfall of the season.,5,1071,18.64,67088.94,1,10
2025-10-16 3:46:06 PM,itookapicture,ITAP of air balloons,7,445,15.76,56726.94,0.99,3
2025-10-16 3:56:07 PM,itookapicture,ITAP of snowfall,1,1492,5.25,18907.02,0.99,35
2025-10-16 3:56:07 PM,itookapicture,ITAP of a mountain in Argentina,2,623,10.34,37213.02,0.99,10
2025-10-16 3:56:07 PM,itookapicture,ITAP of a cistern,4,335,9.4,33856.02,1,5
2025-10-16 3:56:07 PM,itookapicture,ITAP of a mountain after the first snowfall of the season.,5,1072,18.8,67689.02,1,10
2025-10-16 3:56:07 PM,itookapicture,ITAP of air balloons,7,452,15.92,57327.02,0.99,3
2025-10-16 4:06:06 PM,itookapicture,ITAP of snowfall,1,1526,5.42,19506.4,0.99,35
2025-10-16 4:06:06 PM,itookapicture,ITAP of a mountain in Argentina,2,613,10.5,37812.4,0.99,10
2025-10-16 4:06:06 PM,itookapicture,ITAP of a cistern,4,340,9.57,34455.4,1,5
2025-10-16 4:06:06 PM,itookapicture,ITAP of a mountain after the first snowfall of the season.,5,1084,18.97,68288.4,1,10
2025-10-16 4:06:06 PM,itookapicture,ITAP of air balloons,7,451,16.09,57926.4,0.99,3
2025-10-16 4:16:06 PM,itookapicture,ITAP of snowfall,1,1555,5.59,20106.59,0.99,35
2025-10-16 4:16:06 PM,itookapicture,ITAP of a mountain in Argentina,2,614,10.67,38412.59,0.99,10
2025-10-16 4:16:06 PM,itookapicture,ITAP of a cistern,4,344,9.74,35055.59,1,5
2025-10-16 4:16:06 PM,itookapicture,ITAP of a mountain after the first snowfall of the season.,5,1082,19.14,68888.59,1,10
2025-10-16 4:16:06 PM,itookapicture,ITAP of air balloons,7,458,16.26,58526.59,0.99,3
2025-10-16 4:26:06 PM,itookapicture,ITAP of snowfall,1,1582,5.75,20706.71,0.99,37
2025-10-16 4:26:06 PM,itookapicture,ITAP of a mountain in Argentina,2,621,10.84,39012.71,0.99,10
2025-10-16 4:26:06 PM,itookapicture,ITAP of a cistern,4,349,9.9,35655.71,1,5
2025-10-16 4:26:06 PM,itookapicture,ITAP of a mountain after the first snowfall of the season.,5,1088,19.3,69488.71,1,10
2025-10-16 4:26:06 PM,itookapicture,ITAP of air balloons,7,458,16.42,59126.71,0.99,3
2025-10-16 4:36:06 PM,itookapicture,ITAP of snowfall,1,1615,5.92,21306.81,0.99,37
2025-10-16 4:36:06 PM,itookapicture,ITAP of a mountain in Argentina,2,627,11,39612.81,0.99,11
2025-10-16 4:36:06 PM,itookapicture,ITAP of a cistern,4,357,10.07,36255.81,1,5
2025-10-16 4:36:06 PM,itookapicture,ITAP of a mountain after the first snowfall of the season.,5,1089,19.47,70088.81,1,10
2025-10-16 4:36:06 PM,itookapicture,ITAP of air balloons,8,461,16.59,59726.81,0.99,3
2025-10-16 4:46:06 PM,itookapicture,ITAP of snowfall,1,1636,6.09,21906.84,0.99,37
2025-10-16 4:46:06 PM,itookapicture,ITAP of a mountain in Argentina,2,632,11.17,40212.84,0.99,11
2025-10-16 4:46:06 PM,itookapicture,ITAP of a cistern,4,363,10.24,36855.84,1,5
2025-10-16 4:46:06 PM,itookapicture,ITAP of a mountain after the first snowfall of the season.,5,1101,19.64,70688.84,1,10
2025-10-16 4:46:06 PM,itookapicture,ITAP of air balloons,8,462,16.76,60326.84,0.99,3
2025-10-16 4:56:06 PM,itookapicture,ITAP of snowfall,1,1675,6.25,22506.98,0.99,37
2025-10-16 4:56:06 PM,itookapicture,ITAP of a mountain in Argentina,2,628,11.34,40812.98,0.99,11
2025-10-16 4:56:06 PM,itookapicture,ITAP of a cistern,4,373,10.4,37455.98,1,5
2025-10-16 4:56:06 PM,itookapicture,ITAP of a mountain after the first snowfall of the season.,5,1106,19.8,71288.98,1,10
2025-10-16 4:56:06 PM,itookapicture,ITAP of air balloons,8,464,16.92,60926.98,0.99,3
2025-10-16 5:06:06 PM,itookapicture,ITAP of snowfall,1,1700,6.42,23106.97,0.99,38
2025-10-16 5:06:06 PM,itookapicture,ITAP of a mountain in Argentina,2,634,11.5,41412.97,0.99,11
2025-10-16 5:06:06 PM,itookapicture,ITAP of a cistern,4,380,10.57,38055.97,1,5
2025-10-16 5:06:06 PM,itookapicture,ITAP of a mountain after the first snowfall of the season.,7,1110,19.97,71888.97,1,10
2025-10-16 5:06:06 PM,itookapicture,ITAP of air balloons,8,465,17.09,61526.97,0.99,3
2025-10-16 5:16:06 PM,itookapicture,ITAP of snowfall,1,1723,6.59,23706.36,0.99,38
2025-10-16 5:16:06 PM,itookapicture,ITAP of a mountain in Argentina,2,632,11.67,42012.36,0.99,11
2025-10-16 5:16:06 PM,itookapicture,ITAP of a cistern,4,388,10.74,38655.36,1,5
2025-10-16 5:16:06 PM,itookapicture,ITAP of a mountain after the first snowfall of the season.,7,1105,20.14,72488.36,1,10
2025-10-16 5:16:06 PM,itookapicture,ITAP of air balloons,8,476,17.26,62126.36,0.99,3
2025-10-16 5:26:06 PM,itookapicture,ITAP of snowfall,1,1740,6.75,24306.42,0.99,38
2025-10-16 5:26:06 PM,itookapicture,ITAP of a mountain in Argentina,2,631,11.84,42612.42,0.99,11
2025-10-16 5:26:06 PM,itookapicture,ITAP of a cistern,4,399,10.9,39255.42,1,5
2025-10-16 5:26:06 PM,itookapicture,ITAP of a mountain after the first snowfall of the season.,7,1115,20.3,73088.42,1,10
2025-10-16 5:26:06 PM,itookapicture,ITAP of air balloons,8,476,17.42,62726.42,0.99,3
2025-10-16 5:36:06 PM,itookapicture,ITAP of snowfall,1,1756,6.92,24906.19,0.99,38
2025-10-16 5:36:06 PM,itookapicture,ITAP of a mountain in Argentina,3,638,12,43212.19,0.99,11
2025-10-16 5:36:06 PM,itookapicture,ITAP of a cistern,4,403,11.07,39855.19,1,5
2025-10-16 5:36:06 PM,itookapicture,ITAP of a mountain after the first snowfall of the season.,7,1117,20.47,73688.19,1,10
2025-10-16 5:36:06 PM,itookapicture,ITAP of air balloons,8,473,17.59,63326.19,0.99,3
2025-10-16 5:46:06 PM,itookapicture,ITAP of snowfall,1,1780,7.09,25506.28,0.99,38
2025-10-16 5:46:06 PM,itookapicture,ITAP of a mountain in Argentina,3,638,12.17,43812.28,0.99,11
2025-10-16 5:46:06 PM,itookapicture,ITAP of a cistern,4,408,11.24,40455.28,1,5
2025-10-16 5:46:06 PM,itookapicture,ITAP of a mountain after the first snowfall of the season.,7,1118,20.64,74288.28,1,10
2025-10-16 5:46:06 PM,itookapicture,ITAP of air balloons,9,475,17.76,63926.28,0.99,3
2025-10-16 6:11:11 PM,itookapicture,ITAP of snowfall,1,1841,7.5,27011.36,0.99,38
2025-10-16 6:11:11 PM,itookapicture,ITAP of a mountain in Argentina,3,636,12.59,45317.36,0.99,11
2025-10-16 6:11:11 PM,itookapicture,ITAP of a cistern,4,424,11.66,41960.36,1,5
2025-10-16 6:11:11 PM,itookapicture,ITAP of a mountain after the first snowfall of the season.,8,1121,21.05,75793.36,1,10
2025-10-16 6:11:11 PM,itookapicture,ITAP of air balloons,9,480,18.18,65431.36,0.99,3
2025-10-16 6:11:14 PM,itookapicture,ITAP of snowfall,1,1846,7.5,27014.32,0.99,38
2025-10-16 6:11:14 PM,itookapicture,ITAP of a mountain in Argentina,3,636,12.59,45320.32,0.99,11
2025-10-16 6:11:14 PM,itookapicture,ITAP of a cistern,4,430,11.66,41963.32,1,5
2025-10-16 6:11:14 PM,itookapicture,ITAP of a mountain after the first snowfall of the season.,8,1125,21.05,75796.32,1,10
2025-10-16 6:11:14 PM,itookapicture,ITAP of air balloons,9,480,18.18,65434.32,0.99,3
2025-10-16 6:16:06 PM,itookapicture,ITAP of snowfall,1,1851,7.59,27306.97,0.99,38
2025-10-16 6:16:06 PM,itookapicture,ITAP of a mountain in Argentina,3,641,12.67,45612.97,0.99,11
2025-10-16 6:16:06 PM,itookapicture,ITAP of a cistern,5,429,11.74,42255.97,1,5
2025-10-16 6:16:06 PM,itookapicture,ITAP of a mountain after the first snowfall of the season.,8,1125,21.14,76088.97,1,10
2025-10-16 6:16:06 PM,itookapicture,ITAP of air balloons,10,475,18.26,65726.97,0.99,3
2025-10-16 6:26:06 PM,itookapicture,ITAP of snowfall,1,1867,7.75,27906.54,0.99,38
2025-10-16 6:26:06 PM,itookapicture,ITAP of a mountain in Argentina,4,642,12.84,46212.54,0.99,11
2025-10-16 6:26:06 PM,itookapicture,ITAP of a cistern,5,432,11.9,42855.54,1,5
2025-10-16 6:26:06 PM,itookapicture,ITAP of a mountain after the first snowfall of the season.,8,1131,21.3,76688.54,1,10
2025-10-16 6:26:06 PM,itookapicture,ITAP of air balloons,10,480,18.42,66326.54,0.99,3
2025-10-16 6:36:06 PM,itookapicture,ITAP of snowfall,1,1887,7.92,28506.05,0.99,38
2025-10-16 6:36:06 PM,itookapicture,ITAP of a mountain in Argentina,4,637,13,46812.05,0.99,11
2025-10-16 6:36:06 PM,itookapicture,ITAP of a cistern,5,430,12.07,43455.05,1,5
2025-10-16 6:36:06 PM,itookapicture,ITAP of a mountain after the first snowfall of the season.,8,1130,21.47,77288.05,1,10
2025-10-16 6:36:06 PM,itookapicture,ITAP of air balloons,11,485,18.59,66926.05,0.99,3
2025-10-16 6:46:06 PM,itookapicture,ITAP of snowfall,1,1908,8.09,29106.87,0.99,39
2025-10-16 6:46:06 PM,itookapicture,ITAP of a mountain in Argentina,4,644,13.17,47412.87,0.99,11
2025-10-16 6:46:06 PM,itookapicture,ITAP of a cistern,5,433,12.24,44055.87,1,5
2025-10-16 6:46:06 PM,itookapicture,ITAP of a mountain after the first snowfall of the season.,9,1135,21.64,77888.87,1,11
2025-10-16 6:46:06 PM,itookapicture,ITAP of air balloons,11,478,18.76,67526.87,0.99,3
2025-10-16 6:56:06 PM,itookapicture,ITAP of snowfall,1,1920,8.25,29706.5,0.99,39
2025-10-16 6:56:06 PM,itookapicture,ITAP of a mountain in Argentina,4,641,13.34,48012.5,0.99,11
2025-10-16 6:56:06 PM,itookapicture,ITAP of a cistern,5,441,12.4,44655.5,1,5
2025-10-16 6:56:06 PM,itookapicture,ITAP of a mountain after the first snowfall of the season.,9,1129,21.8,78488.5,1,11
2025-10-16 6:56:06 PM,itookapicture,ITAP of air balloons,11,484,18.92,68126.5,0.99,3
2025-10-16 7:06:06 PM,itookapicture,ITAP of snowfall,1,1936,8.42,30306.41,0.99,39
2025-10-16 7:06:06 PM,itookapicture,ITAP of a mountain in Argentina,4,644,13.5,48612.41,0.99,11
2025-10-16 7:06:06 PM,itookapicture,ITAP of a cistern,5,439,12.57,45255.41,1,5
2025-10-16 7:06:06 PM,itookapicture,ITAP of a mountain after the first snowfall of the season.,9,1141,21.97,79088.41,1,11
2025-10-16 7:06:06 PM,itookapicture,ITAP of air balloons,11,492,19.09,68726.41,0.99,3
2025-10-16 7:27:58 PM,itookapicture,ITAP of snowfall,1,1994,8.78,31618.91,0.99,39
2025-10-16 7:27:58 PM,itookapicture,ITAP of a mountain in Argentina,5,645,13.87,49924.91,0.99,11
2025-10-16 7:27:58 PM,itookapicture,ITAP of a cistern,6,453,12.94,46567.91,1,5
2025-10-16 7:27:58 PM,itookapicture,ITAP of a mountain after the first snowfall of the season.,10,1148,22.33,80400.91,1,11
2025-10-16 7:27:58 PM,itookapicture,ITAP of air balloons,12,493,19.46,70038.91,0.99,3
2025-10-16 7:28:01 PM,itookapicture,ITAP of snowfall,1,1990,8.78,31621.57,0.99,39
2025-10-16 7:28:01 PM,itookapicture,ITAP of a mountain in Argentina,5,640,13.87,49927.57,0.99,11
2025-10-16 7:28:01 PM,itookapicture,ITAP of a cistern,6,454,12.94,46570.57,1,5
2025-10-16 7:28:01 PM,itookapicture,ITAP of a mountain after the first snowfall of the season.,10,1144,22.33,80403.57,1,11
2025-10-16 7:28:01 PM,itookapicture,ITAP of air balloons,12,495,19.46,70041.57,0.99,3
2025-10-16 7:36:17 PM,itookapicture,ITAP of snowfall,1,2012,8.92,32117.06,0.99,39
2025-10-16 7:36:17 PM,itookapicture,ITAP of a mountain in Argentina,5,646,14.01,50423.06,0.99,11
2025-10-16 7:36:17 PM,itookapicture,ITAP of a cistern,6,455,13.07,47066.06,1,5
2025-10-16 7:36:17 PM,itookapicture,ITAP of a mountain after the first snowfall of the season.,10,1155,22.47,80899.06,1,11
2025-10-16 7:36:17 PM,itookapicture,ITAP of air balloons,12,499,19.59,70537.06,0.99,3
2025-10-16 7:46:06 PM,itookapicture,ITAP of snowfall,1,2026,9.09,32706.3,0.99,39
2025-10-16 7:46:06 PM,itookapicture,ITAP of a mountain in Argentina,5,652,14.17,51012.3,0.99,11
2025-10-16 7:46:06 PM,itookapicture,ITAP of a cistern,6,461,13.24,47655.3,1,5
2025-10-16 7:46:06 PM,itookapicture,ITAP of a mountain after the first snowfall of the season.,10,1153,22.64,81488.3,1,11
2025-10-16 7:46:06 PM,itookapicture,ITAP of air balloons,12,492,19.76,71126.3,0.99,3
2025-10-16 7:56:06 PM,itookapicture,ITAP of snowfall,1,2057,9.25,33306.74,0.99,39
2025-10-16 7:56:06 PM,itookapicture,ITAP of a mountain in Argentina,5,654,14.34,51612.74,0.99,11
2025-10-16 7:56:06 PM,itookapicture,ITAP of a cistern,6,463,13.4,48255.74,1,5
2025-10-16 7:56:06 PM,itookapicture,ITAP of a mountain after the first snowfall of the season.,10,1160,22.8,82088.74,1,11
2025-10-16 7:56:06 PM,itookapicture,ITAP of air balloons,12,490,19.92,71726.74,0.99,3
2025-10-16 8:06:06 PM,itookapicture,ITAP of snowfall,1,2083,9.42,33906.84,0.99,39
2025-10-16 8:06:06 PM,itookapicture,ITAP of a mountain in Argentina,5,656,14.5,52212.84,0.99,11
2025-10-16 8:06:06 PM,itookapicture,ITAP of a cistern,6,460,13.57,48855.84,1,5
2025-10-16 8:06:06 PM,itookapicture,ITAP of a mountain after the first snowfall of the season.,10,1160,22.97,82688.84,1,11
2025-10-16 8:06:06 PM,itookapicture,ITAP of air balloons,12,490,20.09,72326.84,0.99,3
2025-10-16 8:16:06 PM,itookapicture,ITAP of snowfall,1,2104,9.59,34506.43,0.99,39
2025-10-16 8:16:06 PM,itookapicture,ITAP of a mountain in Argentina,5,651,14.67,52812.43,0.99,11
2025-10-16 8:16:06 PM,itookapicture,ITAP of a cistern,6,465,13.74,49455.43,1,5
2025-10-16 8:16:06 PM,itookapicture,ITAP of a mountain after the first snowfall of the season.,10,1167,23.14,83288.43,1,11
2025-10-16 8:16:06 PM,itookapicture,ITAP of air balloons,12,498,20.26,72926.43,0.99,3
2025-10-16 8:26:06 PM,itookapicture,ITAP of snowfall,1,2116,9.75,35106.65,0.99,40
2025-10-16 8:26:06 PM,itookapicture,ITAP of a mountain in Argentina,5,654,14.84,53412.65,0.99,11
2025-10-16 8:26:06 PM,itookapicture,ITAP of a cistern,7,465,13.9,50055.65,1,5
2025-10-16 8:26:06 PM,itookapicture,ITAP of a mountain after the first snowfall of the season.,10,1172,23.3,83888.65,1,11
2025-10-16 8:26:06 PM,itookapicture,ITAP of air balloons,12,492,20.42,73526.65,0.99,3
2025-10-16 8:36:06 PM,itookapicture,ITAP of snowfall,1,2137,9.92,35706.83,0.99,40
2025-10-16 8:36:06 PM,itookapicture,ITAP of a mountain in Argentina,5,655,15,54012.83,0.99,11
2025-10-16 8:36:06 PM,itookapicture,ITAP of a cistern,7,467,14.07,50655.83,1,5
2025-10-16 8:36:06 PM,itookapicture,ITAP of a mountain after the first snowfall of the season.,10,1173,23.47,84488.83,1,11
2025-10-16 8:36:06 PM,itookapicture,ITAP of air balloons,12,496,20.59,74126.83,0.99,3
2025-10-16 8:53:13 PM,itookapicture,ITAP of snowfall,1,2174,10.2,36733.6,0.99,41
2025-10-16 8:53:13 PM,itookapicture,ITAP of a mountain in Argentina,6,658,15.29,55039.6,0.99,11
2025-10-16 8:53:13 PM,itookapicture,ITAP of a cistern,7,468,14.36,51682.6,1,5
2025-10-16 8:53:13 PM,itookapicture,ITAP of a mountain after the first snowfall of the season.,10,1183,23.75,85515.6,1,11
2025-10-16 8:53:13 PM,itookapicture,ITAP of air balloons,12,499,20.88,75153.6,0.99,3
2025-10-16 9:09:02 PM,itookapicture,ITAP of snowfall,1,2210,10.47,37682.34,0.99,42
2025-10-16 9:09:02 PM,itookapicture,ITAP of a mountain in Argentina,6,655,15.55,55988.34,0.99,11
2025-10-16 9:09:02 PM,itookapicture,ITAP of a cistern,7,473,14.62,52631.34,1,5
2025-10-16 9:09:02 PM,itookapicture,ITAP of a mountain after the first snowfall of the season.,11,1188,24.02,86464.34,1,12
2025-10-16 9:09:02 PM,itookapicture,ITAP of air balloons,14,501,21.14,76102.34,0.99,3
2025-10-16 9:09:04 PM,itookapicture,ITAP of snowfall,1,2201,10.47,37684.97,0.99,42
2025-10-16 9:09:04 PM,itookapicture,ITAP of a mountain in Argentina,6,657,15.55,55990.97,0.99,11
2025-10-16 9:09:04 PM,itookapicture,ITAP of a cistern,7,474,14.62,52633.97,1,5
2025-10-16 9:09:04 PM,itookapicture,ITAP of a mountain after the first snowfall of the season.,11,1184,24.02,86466.97,1,12
2025-10-16 9:09:04 PM,itookapicture,ITAP of air balloons,14,504,21.14,76104.97,0.99,3
2025-10-16 9:24:51 PM,itookapicture,ITAP of snowfall,1,2235,10.73,38631.98,0.99,42
2025-10-16 9:24:51 PM,itookapicture,ITAP of a mountain in Argentina,6,654,15.82,56937.98,0.99,11
2025-10-16 9:24:51 PM,itookapicture,ITAP of a cistern,7,480,14.88,53580.98,1,5
2025-10-16 9:24:51 PM,itookapicture,ITAP of a mountain after the first snowfall of the season.,11,1197,24.28,87413.98,1,12
2025-10-16 9:24:51 PM,itookapicture,ITAP of air balloons,14,509,21.4,77051.98,0.99,3
2025-10-16 9:41:24 PM,itookapicture,ITAP of snowfall,1,2266,11.01,39624.33,0.99,42
2025-10-16 9:41:24 PM,itookapicture,ITAP of a mountain in Argentina,6,658,16.09,57930.33,0.99,11
2025-10-16 9:41:24 PM,itookapicture,ITAP of a cistern,7,479,15.16,54573.33,1,5
2025-10-16 9:41:24 PM,itookapicture,ITAP of a mountain after the first snowfall of the season.,11,1202,24.56,88406.33,1,12
2025-10-16 9:41:24 PM,itookapicture,ITAP of air balloons,14,508,21.68,78044.33,0.99,3
2025-10-16 9:41:26 PM,itookapicture,ITAP of snowfall,1,2264,11.01,39626.06,0.99,42
2025-10-16 9:41:26 PM,itookapicture,ITAP of a mountain in Argentina,6,658,16.09,57932.06,0.99,11
2025-10-16 9:41:26 PM,itookapicture,ITAP of a cistern,7,485,15.16,54575.06,1,5
2025-10-16 9:41:26 PM,itookapicture,ITAP of a mountain after the first snowfall of the season.,11,1201,24.56,88408.06,1,12
2025-10-16 9:41:26 PM,itookapicture,ITAP of air balloons,14,508,21.68,78046.06,0.99,3
2025-10-16 9:46:06 PM,itookapicture,ITAP of snowfall,1,2267,11.09,39906.59,0.99,42
2025-10-16 9:46:06 PM,itookapicture,ITAP of a mountain in Argentina,6,663,16.17,58212.59,0.99,11
2025-10-16 9:46:06 PM,itookapicture,ITAP of a cistern,7,479,15.24,54855.59,1,5
2025-10-16 9:46:06 PM,itookapicture,ITAP of a mountain after the first snowfall of the season.,11,1196,24.64,88688.59,1,12
2025-10-16 9:46:06 PM,itookapicture,ITAP of air balloons,14,508,21.76,78326.59,0.99,3
2025-10-16 9:56:06 PM,itookapicture,ITAP of snowfall,1,2298,11.25,40506.33,0.99,42
2025-10-16 9:56:06 PM,itookapicture,ITAP of a mountain in Argentina,6,660,16.34,58812.33,0.99,11
2025-10-16 9:56:06 PM,itookapicture,ITAP of a cistern,7,487,15.4,55455.33,1,5
2025-10-16 9:56:06 PM,itookapicture,ITAP of a mountain after the first snowfall of the season.,12,1207,24.8,89288.33,1,12
2025-10-16 9:56:06 PM,itookapicture,ITAP of air balloons,15,507,21.92,78926.33,0.99,3
2025-10-16 10:06:06 PM,itookapicture,ITAP of snowfall,1,2311,11.42,41106.97,0.99,42
2025-10-16 10:06:06 PM,itookapicture,ITAP of a mountain in Argentina,6,660,16.5,59412.97,0.99,11
2025-10-16 10:06:06 PM,itookapicture,ITAP of a cistern,7,488,15.57,56055.97,1,5
2025-10-16 10:06:06 PM,itookapicture,ITAP of a mountain after the first snowfall of the season.,13,1207,24.97,89888.97,1,12
2025-10-16 10:06:06 PM,itookapicture,ITAP of air balloons,15,510,22.09,79526.97,0.99,3
2025-10-16 10:16:06 PM,itookapicture,ITAP of snowfall,1,2331,11.59,41706.59,0.99,42
2025-10-16 10:16:06 PM,itookapicture,ITAP of a mountain in Argentina,6,664,16.67,60012.59,0.99,11
2025-10-16 10:16:06 PM,itookapicture,ITAP of a cistern,7,492,15.74,56655.59,1,5
2025-10-16 10:16:06 PM,itookapicture,ITAP of a mountain after the first snowfall of the season.,13,1212,25.14,90488.59,1,12
2025-10-16 10:16:06 PM,itookapicture,ITAP of air balloons,15,516,22.26,80126.59,0.99,3
2025-10-16 10:26:06 PM,itookapicture,ITAP of snowfall,1,2355,11.75,42306.34,0.99,42
2025-10-16 10:26:06 PM,itookapicture,ITAP of a mountain in Argentina,6,662,16.84,60612.34,0.99,11
2025-10-16 10:26:06 PM,itookapicture,ITAP of a cistern,7,494,15.9,57255.34,1,5
2025-10-16 10:26:06 PM,itookapicture,ITAP of a mountain after the first snowfall of the season.,13,1218,25.3,91088.34,1,12
2025-10-16 10:26:06 PM,itookapicture,ITAP of air balloons,15,514,22.42,80726.34,0.99,3
2025-10-16 10:36:06 PM,itookapicture,ITAP of snowfall,1,2370,11.92,42906.99,0.99,42
2025-10-16 10:36:06 PM,itookapicture,ITAP of a mountain in Argentina,6,666,17,61212.99,0.99,11
2025-10-16 10:36:06 PM,itookapicture,ITAP of a cistern,7,491,16.07,57855.99,1,5
2025-10-16 10:36:06 PM,itookapicture,ITAP of a mountain after the first snowfall of the season.,13,1218,25.47,91688.99,1,12
2025-10-16 10:36:06 PM,itookapicture,ITAP of air balloons,15,511,22.59,81326.99,0.99,3
2025-10-16 10:59:40 PM,itookapicture,ITAP of snowfall,1,2418,12.31,44320.98,0.99,42
2025-10-16 10:59:40 PM,itookapicture,ITAP of a mountain in Argentina,6,672,17.4,62626.98,0.99,11
2025-10-16 10:59:40 PM,itookapicture,ITAP of a cistern,7,489,16.46,59269.98,1,5
2025-10-16 10:59:40 PM,itookapicture,ITAP of a mountain after the first snowfall of the season.,13,1228,25.86,93102.98,1,12
2025-10-16 10:59:40 PM,itookapicture,ITAP of air balloons,16,515,22.98,82740.98,0.99,3
2025-10-16 10:59:44 PM,itookapicture,ITAP of snowfall,1,2417,12.31,44324.37,0.99,42
2025-10-16 10:59:44 PM,itookapicture,ITAP of a mountain in Argentina,6,667,17.4,62630.37,0.99,11
2025-10-16 10:59:44 PM,itookapicture,ITAP of a cistern,7,489,16.46,59273.37,1,5
2025-10-16 10:59:44 PM,itookapicture,ITAP of a mountain after the first snowfall of the season.,13,1229,25.86,93106.37,1,12
2025-10-16 10:59:44 PM,itookapicture,ITAP of air balloons,16,515,22.98,82744.37,0.99,3
2025-10-16 11:13:32 PM,itookapicture,ITAP of snowfall,1,2453,12.54,45152.63,0.99,42
2025-10-16 11:13:32 PM,itookapicture,ITAP of a mountain in Argentina,6,668,17.63,63458.63,0.99,11
2025-10-16 11:13:32 PM,itookapicture,ITAP of a cistern,7,494,16.69,60101.63,1,5
2025-10-16 11:13:32 PM,itookapicture,ITAP of a mountain after the first snowfall of the season.,13,1224,26.09,93934.63,1,12
2025-10-16 11:13:32 PM,itookapicture,ITAP of air balloons,15,518,23.21,83572.63,0.99,3
2025-10-16 11:31:04 PM,itookapicture,ITAP of snowfall,1,2483,12.83,46204.35,0.99,42
2025-10-16 11:31:04 PM,itookapicture,ITAP of a mountain in Argentina,6,671,17.92,64510.35,0.99,11
2025-10-16 11:31:04 PM,itookapicture,ITAP of a cistern,7,497,16.99,61153.35,1,5
2025-10-16 11:31:04 PM,itookapicture,ITAP of a mountain after the first snowfall of the season.,13,1234,26.39,94986.35,1,12
2025-10-16 11:31:04 PM,itookapicture,ITAP of air balloons,16,522,23.51,84624.35,0.99,3
2025-10-16 11:31:05 PM,itookapicture,ITAP of snowfall,1,2480,12.83,46205.69,0.99,42
2025-10-16 11:31:05 PM,itookapicture,ITAP of a mountain in Argentina,6,671,17.92,64511.69,0.99,11
2025-10-16 11:31:05 PM,itookapicture,ITAP of a cistern,7,501,16.99,61154.69,1,5
2025-10-16 11:31:05 PM,itookapicture,ITAP of a mountain after the first snowfall of the season.,13,1230,26.39,94987.69,1,12
2025-10-16 11:31:05 PM,itookapicture,ITAP of air balloons,16,517,23.51,84625.69,0.99,3
2025-10-16 11:36:06 PM,itookapicture,ITAP of snowfall,1,2487,12.92,46506.61,0.99,42
2025-10-16 11:36:06 PM,itookapicture,ITAP of a mountain in Argentina,6,669,18,64812.61,0.99,11
2025-10-16 11:36:06 PM,itookapicture,ITAP of a cistern,7,497,17.07,61455.61,1,5
2025-10-16 11:36:06 PM,itookapicture,ITAP of a mountain after the first snowfall of the season.,13,1237,26.47,95288.61,1,12
2025-10-16 11:36:06 PM,itookapicture,ITAP of air balloons,16,522,23.59,84926.61,0.99,3
2025-10-16 11:46:06 PM,itookapicture,ITAP of snowfall,1,2497,13.09,47106.17,0.99,42
2025-10-16 11:46:06 PM,itookapicture,ITAP of a mountain in Argentina,6,666,18.17,65412.17,0.99,11
2025-10-16 11:46:06 PM,itookapicture,ITAP of a cistern,7,497,17.24,62055.17,1,6
2025-10-16 11:46:06 PM,itookapicture,ITAP of a mountain after the first snowfall of the season.,13,1238,26.64,95888.17,1,12
2025-10-16 11:46:06 PM,itookapicture,ITAP of air balloons,16,517,23.76,85526.17,0.99,3
2025-10-16 11:56:06 PM,itookapicture,ITAP of snowfall,1,2526,13.25,47706.32,0.99,42
2025-10-16 11:56:06 PM,itookapicture,ITAP of a mountain in Argentina,6,671,18.34,66012.32,0.99,11
2025-10-16 11:56:06 PM,itookapicture,ITAP of a cistern,7,497,17.4,62655.32,1,6
2025-10-16 11:56:06 PM,itookapicture,ITAP of a mountain after the first snowfall of the season.,13,1246,26.8,96488.32,1,12
2025-10-16 11:56:06 PM,itookapicture,ITAP of air balloons,16,514,23.92,86126.32,0.99,3
2025-10-17 12:06:06 AM,itookapicture,ITAP of snowfall,1,2549,13.42,48306.48,0.99,42
2025-10-17 12:06:06 AM,itookapicture,ITAP of a mountain in Argentina,6,672,18.5,66612.48,0.99,11
2025-10-17 12:06:06 AM,itookapicture,ITAP of a cistern,7,500,17.57,63255.48,1,6
2025-10-17 12:06:06 AM,itookapicture,ITAP of a mountain after the first snowfall of the season.,13,1239,26.97,97088.48,1,12
2025-10-17 12:06:06 AM,itookapicture,ITAP of air balloons,17,518,24.09,86726.48,0.99,3
2025-10-17 12:16:06 AM,itookapicture,ITAP of snowfall,1,2565,13.59,48906.77,0.99,42
2025-10-17 12:16:06 AM,itookapicture,ITAP of a mountain in Argentina,6,669,18.67,67212.77,0.99,11
2025-10-17 12:16:06 AM,itookapicture,ITAP of a cistern,7,506,17.74,63855.77,1,7
2025-10-17 12:16:06 AM,itookapicture,ITAP of a mountain after the first snowfall of the season.,13,1242,27.14,97688.77,1,12
2025-10-17 12:16:06 AM,itookapicture,ITAP of air balloons,16,518,24.26,87326.77,0.99,3
2025-10-17 12:26:06 AM,itookapicture,ITAP of snowfall,1,2583,13.75,49506.1,0.99,42
2025-10-17 12:26:06 AM,itookapicture,ITAP of a mountain in Argentina,6,671,18.84,67812.1,0.99,11
2025-10-17 12:26:06 AM,itookapicture,ITAP of a cistern,7,515,17.9,64455.1,1,7
2025-10-17 12:26:06 AM,itookapicture,ITAP of a mountain after the first snowfall of the season.,14,1241,27.3,98288.1,1,12
2025-10-17 12:26:06 AM,itookapicture,ITAP of air balloons,16,520,24.42,87926.1,0.99,3
2025-10-17 12:47:21 AM,itookapicture,ITAP of snowfall,1,2602,14.11,50781.37,0.99,42
2025-10-17 12:47:21 AM,itookapicture,ITAP of a mountain in Argentina,6,669,19.19,69087.37,0.99,11
2025-10-17 12:47:21 AM,itookapicture,ITAP of a cistern,7,515,18.26,65730.37,1,7
2025-10-17 12:47:21 AM,itookapicture,ITAP of a mountain after the first snowfall of the season.,14,1242,27.66,99563.37,1,12
2025-10-17 12:47:21 AM,itookapicture,ITAP of air balloons,16,520,24.78,89201.37,0.99,3
2025-10-17 12:47:23 AM,itookapicture,ITAP of snowfall,1,2607,14.11,50783.2,0.99,42
2025-10-17 12:47:23 AM,itookapicture,ITAP of a mountain in Argentina,6,672,19.19,69089.2,0.99,11
2025-10-17 12:47:23 AM,itookapicture,ITAP of a cistern,7,508,18.26,65732.2,1,7
2025-10-17 12:47:23 AM,itookapicture,ITAP of a mountain after the first snowfall of the season.,14,1245,27.66,99565.2,1,12
2025-10-17 12:47:23 AM,itookapicture,ITAP of air balloons,16,522,24.78,89203.2,0.99,3
2025-10-17 1:03:44 AM,itookapicture,ITAP of snowfall,1,2635,14.38,51764.87,0.99,42
2025-10-17 1:03:44 AM,itookapicture,ITAP of a mountain in Argentina,6,678,19.46,70070.87,0.99,11
2025-10-17 1:03:44 AM,itookapicture,ITAP of a cistern,7,511,18.53,66713.87,1,7
2025-10-17 1:03:44 AM,itookapicture,ITAP of a mountain after the first snowfall of the season.,14,1247,27.93,100546.87,1,12
2025-10-17 1:03:44 AM,itookapicture,ITAP of air balloons,16,523,25.05,90184.87,0.99,3
2025-10-17 1:20:22 AM,itookapicture,ITAP of snowfall,1,2648,14.66,52762.71,0.99,42
2025-10-17 1:20:22 AM,itookapicture,ITAP of a mountain in Argentina,6,669,19.74,71068.71,0.99,11
2025-10-17 1:20:22 AM,itookapicture,ITAP of a cistern,7,513,18.81,67711.71,1,7
2025-10-17 1:20:22 AM,itookapicture,ITAP of a mountain after the first snowfall of the season.,14,1250,28.21,101544.71,1,12
2025-10-17 1:20:22 AM,itookapicture,ITAP of air balloons,16,520,25.33,91182.71,0.99,3
2025-10-17 1:20:25 AM,itookapicture,ITAP of snowfall,1,2654,14.66,52765.35,0.99,42
2025-10-17 1:20:25 AM,itookapicture,ITAP of a mountain in Argentina,6,670,19.74,71071.35,0.99,11
2025-10-17 1:20:25 AM,itookapicture,ITAP of a cistern,7,512,18.81,67714.35,1,7
2025-10-17 1:20:25 AM,itookapicture,ITAP of a mountain after the first snowfall of the season.,14,1251,28.21,101547.35,1,12
2025-10-17 1:20:25 AM,itookapicture,ITAP of air balloons,16,522,25.33,91185.35,0.99,3
2025-10-17 1:37:05 AM,itookapicture,ITAP of snowfall,1,2671,14.93,53765.4,0.99,42
2025-10-17 1:37:05 AM,itookapicture,ITAP of a mountain in Argentina,6,674,20.02,72071.4,0.99,11
2025-10-17 1:37:05 AM,itookapicture,ITAP of a cistern,7,512,19.09,68714.4,1,7
2025-10-17 1:37:05 AM,itookapicture,ITAP of a mountain after the first snowfall of the season.,14,1244,28.49,102547.4,1,12
2025-10-17 1:37:05 AM,itookapicture,ITAP of air balloons,16,522,25.61,92185.4,0.99,3
2025-10-17 1:37:07 AM,itookapicture,ITAP of snowfall,1,2666,14.94,53767.5,0.99,42
2025-10-17 1:37:07 AM,itookapicture,ITAP of a mountain in Argentina,6,673,20.02,72073.5,0.99,11
2025-10-17 1:37:07 AM,itookapicture,ITAP of a cistern,7,520,19.09,68716.5,1,7
2025-10-17 1:37:07 AM,itookapicture,ITAP of a mountain after the first snowfall of the season.,14,1245,28.49,102549.5,1,12
2025-10-17 1:37:07 AM,itookapicture,ITAP of air balloons,16,523,25.61,92187.5,0.99,3
2025-10-17 1:46:06 AM,itookapicture,ITAP of snowfall,1,2681,15.09,54306.85,0.99,43
2025-10-17 1:46:06 AM,itookapicture,ITAP of a mountain in Argentina,6,676,20.17,72612.85,0.99,11
2025-10-17 1:46:06 AM,itookapicture,ITAP of a cistern,7,519,19.24,69255.85,1,7
2025-10-17 1:46:06 AM,itookapicture,ITAP of a mountain after the first snowfall of the season.,14,1251,28.64,103088.85,1,12
2025-10-17 1:46:06 AM,itookapicture,ITAP of air balloons,17,524,25.76,92726.85,0.99,3
2025-10-17 1:56:06 AM,itookapicture,ITAP of snowfall,1,2702,15.25,54906.57,0.99,43
2025-10-17 1:56:06 AM,itookapicture,ITAP of a mountain in Argentina,6,680,20.34,73212.57,0.99,11
2025-10-17 1:56:06 AM,itookapicture,ITAP of a cistern,7,518,19.4,69855.57,1,7
2025-10-17 1:56:06 AM,itookapicture,ITAP of a mountain after the first snowfall of the season.,14,1251,28.8,103688.57,1,12
2025-10-17 1:56:06 AM,itookapicture,ITAP of air balloons,17,529,25.92,93326.57,0.99,3
2025-10-17 2:06:06 AM,itookapicture,ITAP of snowfall,1,2708,15.42,55506.13,0.99,43
2025-10-17 2:06:06 AM,itookapicture,ITAP of a mountain in Argentina,6,679,20.5,73812.13,0.99,11
2025-10-17 2:06:06 AM,itookapicture,ITAP of a cistern,7,517,19.57,70455.13,1,7
2025-10-17 2:06:06 AM,itookapicture,ITAP of a mountain after the first snowfall of the season.,15,1248,28.97,104288.13,1,12
2025-10-17 2:06:06 AM,itookapicture,ITAP of air balloons,17,529,26.09,93926.13,0.99,3
2025-10-17 2:16:06 AM,itookapicture,ITAP of snowfall,1,2724,15.59,56106.93,0.99,43
2025-10-17 2:16:06 AM,itookapicture,ITAP of a mountain in Argentina,6,677,20.67,74412.93,0.99,11
2025-10-17 2:16:06 AM,itookapicture,ITAP of a cistern,7,519,19.74,71055.93,1,7
2025-10-17 2:16:06 AM,itookapicture,ITAP of a mountain after the first snowfall of the season.,14,1251,29.14,104888.93,1,12
2025-10-17 2:16:06 AM,itookapicture,ITAP of air balloons,18,523,26.26,94526.93,0.99,3
2025-10-17 2:26:06 AM,itookapicture,ITAP of snowfall,1,2736,15.75,56706.45,0.99,44
2025-10-17 2:26:06 AM,itookapicture,ITAP of a mountain in Argentina,6,677,20.84,75012.45,0.99,11
2025-10-17 2:26:06 AM,itookapicture,ITAP of a cistern,7,525,19.9,71655.45,1,9
2025-10-17 2:26:06 AM,itookapicture,ITAP of a mountain after the first snowfall of the season.,15,1259,29.3,105488.45,1,12
2025-10-17 2:26:06 AM,itookapicture,ITAP of air balloons,18,529,26.42,95126.45,0.99,3
2025-10-17 2:36:06 AM,itookapicture,ITAP of snowfall,1,2741,15.92,57306.15,0.99,44
2025-10-17 2:36:06 AM,itookapicture,ITAP of a mountain in Argentina,6,680,21,75612.15,0.99,11
2025-10-17 2:36:06 AM,itookapicture,ITAP of a cistern,7,528,20.07,72255.15,1,9
2025-10-17 2:36:06 AM,itookapicture,ITAP of a mountain after the first snowfall of the season.,15,1256,29.47,106088.15,1,12
2025-10-17 2:36:06 AM,itookapicture,ITAP of air balloons,18,528,26.59,95726.15,0.99,3
2025-10-17 2:55:22 AM,itookapicture,ITAP of snowfall,1,2761,16.24,58462.97,0.99,45
2025-10-17 2:55:22 AM,itookapicture,ITAP of a mountain in Argentina,6,684,21.32,76768.97,0.99,11
2025-10-17 2:55:22 AM,itookapicture,ITAP of a cistern,7,527,20.39,73411.97,1,9
2025-10-17 2:55:22 AM,itookapicture,ITAP of a mountain after the first snowfall of the season.,16,1252,29.79,107244.97,1,12
2025-10-17 2:55:22 AM,itookapicture,ITAP of air balloons,18,533,26.91,96882.97,0.99,3
2025-10-17 2:56:06 AM,itookapicture,ITAP of snowfall,1,2765,16.25,58506.6,0.99,45
2025-10-17 2:56:06 AM,itookapicture,ITAP of a mountain in Argentina,6,685,21.34,76812.6,0.99,11
2025-10-17 2:56:06 AM,itookapicture,ITAP of a cistern,7,529,20.4,73455.6,1,9
2025-10-17 2:56:06 AM,itookapicture,ITAP of a mountain after the first snowfall of the season.,16,1258,29.8,107288.6,1,12
2025-10-17 2:56:06 AM,itookapicture,ITAP of air balloons,18,528,26.92,96926.6,0.99,3
2025-10-17 3:13:29 AM,itookapicture,ITAP of snowfall,1,2784,16.54,59549.17,0.99,45
2025-10-17 3:13:29 AM,itookapicture,ITAP of a mountain in Argentina,6,685,21.63,77855.17,0.99,11
2025-10-17 3:13:29 AM,itookapicture,ITAP of a cistern,7,531,20.69,74498.17,1,9
2025-10-17 3:13:29 AM,itookapicture,ITAP of a mountain after the first snowfall of the season.,15,1258,30.09,108331.17,1,12
2025-10-17 3:13:29 AM,itookapicture,ITAP of air balloons,18,529,27.21,97969.17,0.99,3
2025-10-17 3:30:55 AM,itookapicture,ITAP of snowfall,2,2808,16.83,60595.52,0.99,45
2025-10-17 3:30:55 AM,itookapicture,ITAP of a mountain in Argentina,6,683,21.92,78901.52,0.99,11
2025-10-17 3:30:55 AM,itookapicture,ITAP of a cistern,7,527,20.98,75544.52,1,9
2025-10-17 3:30:55 AM,itookapicture,ITAP of a mountain after the first snowfall of the season.,15,1268,30.38,109377.52,1,12
2025-10-17 3:30:55 AM,itookapicture,ITAP of air balloons,18,533,27.5,99015.52,0.99,3
2025-10-17 3:30:58 AM,itookapicture,ITAP of snowfall,2,2806,16.83,60598.48,0.99,45
2025-10-17 3:30:58 AM,itookapicture,ITAP of a mountain in Argentina,6,688,21.92,78904.48,0.99,11
2025-10-17 3:30:58 AM,itookapicture,ITAP of a cistern,7,529,20.99,75547.48,1,9
2025-10-17 3:30:58 AM,itookapicture,ITAP of a mountain after the first snowfall of the season.,15,1263,30.38,109380.48,1,12
2025-10-17 3:30:58 AM,itookapicture,ITAP of air balloons,18,536,27.51,99018.48,0.99,3
2025-10-17 3:36:06 AM,itookapicture,ITAP of snowfall,2,2818,16.92,60906.54,0.99,45
2025-10-17 3:36:06 AM,itookapicture,ITAP of a mountain in Argentina,6,684,22,79212.54,0.99,11
2025-10-17 3:36:06 AM,itookapicture,ITAP of a cistern,7,530,21.07,75855.54,1,9
2025-10-17 3:36:06 AM,itookapicture,ITAP of a mountain after the first snowfall of the season.,15,1262,30.47,109688.54,1,12
2025-10-17 3:36:06 AM,itookapicture,ITAP of air balloons,18,535,27.59,99326.54,0.99,3
2025-10-17 3:46:06 AM,itookapicture,ITAP of snowfall,2,2822,17.09,61506.94,0.99,45
2025-10-17 3:46:06 AM,itookapicture,ITAP of a mountain in Argentina,6,689,22.17,79812.94,0.99,11
2025-10-17 3:46:06 AM,itookapicture,ITAP of a cistern,9,533,21.24,76455.94,1,9
2025-10-17 3:46:06 AM,itookapicture,ITAP of a mountain after the first snowfall of the season.,16,1262,30.64,110288.94,1,12
2025-10-17 3:46:06 AM,itookapicture,ITAP of air balloons,18,537,27.76,99926.94,0.99,3
2025-10-17 3:56:06 AM,itookapicture,ITAP of snowfall,2,2838,17.25,62106.04,0.99,45
2025-10-17 3:56:06 AM,itookapicture,ITAP of a mountain in Argentina,6,695,22.34,80412.04,0.99,11
2025-10-17 3:56:06 AM,itookapicture,ITAP of a cistern,9,533,21.4,77055.04,1,9
2025-10-17 3:56:06 AM,itookapicture,ITAP of a mountain after the first snowfall of the season.,16,1266,30.8,110888.04,1,12
2025-10-17 3:56:06 AM,itookapicture,ITAP of air balloons,18,535,27.92,100526.04,0.99,3
2025-10-17 4:06:06 AM,itookapicture,ITAP of snowfall,2,2851,17.42,62706.23,0.99,45
2025-10-17 4:06:06 AM,itookapicture,ITAP of a mountain in Argentina,7,687,22.5,81012.23,0.99,11
2025-10-17 4:06:06 AM,itookapicture,ITAP of a cistern,9,543,21.57,77655.23,1,9
2025-10-17 4:06:06 AM,itookapicture,ITAP of a mountain after the first snowfall of the season.,16,1267,30.97,111488.23,1,12
2025-10-17 4:06:06 AM,itookapicture,ITAP of air balloons,19,530,28.09,101126.23,0.99,3
2025-10-17 4:16:06 AM,itookapicture,ITAP of snowfall,2,2856,17.59,63306.79,0.99,45
2025-10-17 4:16:06 AM,itookapicture,ITAP of a mountain in Argentina,7,692,22.67,81612.79,0.99,11
2025-10-17 4:16:06 AM,itookapicture,ITAP of a cistern,9,542,21.74,78255.79,1,9
2025-10-17 4:16:06 AM,itookapicture,ITAP of a mountain after the first snowfall of the season.,16,1273,31.14,112088.79,1,12
2025-10-17 4:16:06 AM,itookapicture,ITAP of air balloons,19,542,28.26,101726.79,0.99,3
2025-10-17 4:26:06 AM,itookapicture,ITAP of snowfall,2,2868,17.75,63906.1,0.99,45
2025-10-17 4:26:06 AM,itookapicture,ITAP of a mountain in Argentina,7,693,22.84,82212.1,0.99,11
2025-10-17 4:26:06 AM,itookapicture,ITAP of a cistern,9,539,21.9,78855.1,1,9
2025-10-17 4:26:06 AM,itookapicture,ITAP of a mountain after the first snowfall of the season.,16,1274,31.3,112688.1,1,13
2025-10-17 4:26:06 AM,itookapicture,ITAP of air balloons,19,533,28.42,102326.1,0.99,3
2025-10-17 4:47:03 AM,itookapicture,ITAP of snowfall,2,2877,18.1,65163.68,0.99,45
2025-10-17 4:47:03 AM,itookapicture,ITAP of a mountain in Argentina,9,699,23.19,83469.68,0.99,11
2025-10-17 4:47:03 AM,itookapicture,ITAP of a cistern,10,545,22.25,80112.68,1,9
2025-10-17 4:47:03 AM,itookapicture,ITAP of a mountain after the first snowfall of the season.,17,1277,31.65,113945.68,1,13
2025-10-17 4:47:03 AM,itookapicture,ITAP of air balloons,19,540,28.77,103583.68,0.99,3
2025-10-17 4:47:06 AM,itookapicture,ITAP of snowfall,2,2870,18.1,65166.6,0.99,45
2025-10-17 4:47:06 AM,itookapicture,ITAP of a mountain in Argentina,9,699,23.19,83472.6,0.99,11
2025-10-17 4:47:06 AM,itookapicture,ITAP of a cistern,10,548,22.25,80115.6,1,9
2025-10-17 4:47:06 AM,itookapicture,ITAP of a mountain after the first snowfall of the season.,17,1272,31.65,113948.6,1,13
2025-10-17 4:47:06 AM,itookapicture,ITAP of air balloons,19,541,28.77,103586.6,0.99,3
2025-10-17 5:03:07 AM,itookapicture,ITAP of snowfall,2,2894,18.37,66127.01,0.99,45
2025-10-17 5:03:07 AM,itookapicture,ITAP of a mountain in Argentina,9,693,23.45,84433.01,0.99,11
2025-10-17 5:03:07 AM,itookapicture,ITAP of a cistern,10,545,22.52,81076.01,1,9
2025-10-17 5:03:07 AM,itookapicture,ITAP of a mountain after the first snowfall of the season.,16,1282,31.92,114909.01,1,13
2025-10-17 5:03:07 AM,itookapicture,ITAP of air balloons,18,537,29.04,104547.01,0.99,3
2025-10-17 5:19:56 AM,itookapicture,ITAP of snowfall,2,2897,18.65,67136.38,0.99,45
2025-10-17 5:19:56 AM,itookapicture,ITAP of a mountain in Argentina,9,696,23.73,85442.38,0.99,11
2025-10-17 5:19:56 AM,itookapicture,ITAP of a cistern,10,552,22.8,82085.38,1,9
2025-10-17 5:19:56 AM,itookapicture,ITAP of a mountain after the first snowfall of the season.,16,1285,32.2,115918.38,1,13
2025-10-17 5:19:56 AM,itookapicture,ITAP of air balloons,18,541,29.32,105556.38,0.99,3
2025-10-17 5:19:58 AM,itookapicture,ITAP of snowfall,2,2901,18.65,67138.02,0.99,45
2025-10-17 5:19:58 AM,itookapicture,ITAP of a mountain in Argentina,9,698,23.73,85444.02,0.99,11
2025-10-17 5:19:58 AM,itookapicture,ITAP of a cistern,10,550,22.8,82087.02,1,9
2025-10-17 5:19:58 AM,itookapicture,ITAP of a mountain after the first snowfall of the season.,16,1277,32.2,115920.02,1,13
2025-10-17 5:19:58 AM,itookapicture,ITAP of air balloons,18,537,29.32,105558.02,0.99,3
2025-10-17 5:26:06 AM,itookapicture,ITAP of snowfall,2,2905,18.75,67506.24,0.99,45
2025-10-17 5:26:06 AM,itookapicture,ITAP of a mountain in Argentina,9,693,23.84,85812.24,0.99,11
2025-10-17 5:26:06 AM,itookapicture,ITAP of a cistern,10,554,22.9,82455.24,1,9
2025-10-17 5:26:06 AM,itookapicture,ITAP of a mountain after the first snowfall of the season.,16,1282,32.3,116288.24,1,13
2025-10-17 5:26:06 AM,itookapicture,ITAP of air balloons,18,545,29.42,105926.24,0.99,3
2025-10-17 5:36:06 AM,itookapicture,ITAP of snowfall,2,2913,18.92,68106.94,0.99,45
2025-10-17 5:36:06 AM,itookapicture,ITAP of a mountain in Argentina,9,700,24,86412.94,0.99,11
2025-10-17 5:36:06 AM,itookapicture,ITAP of a cistern,11,553,23.07,83055.94,1,9
2025-10-17 5:36:06 AM,itookapicture,ITAP of a mountain after the first snowfall of the season.,16,1288,32.47,116888.94,1,13
2025-10-17 5:36:06 AM,itookapicture,ITAP of air balloons,18,541,29.59,106526.94,0.99,3
2025-10-17 5:46:06 AM,itookapicture,ITAP of snowfall,2,2925,19.09,68706.45,0.99,45
2025-10-17 5:46:06 AM,itookapicture,ITAP of a mountain in Argentina,9,700,24.17,87012.45,0.99,11
2025-10-17 5:46:06 AM,itookapicture,ITAP of a cistern,11,552,23.24,83655.45,1,9
2025-10-17 5:46:06 AM,itookapicture,ITAP of a mountain after the first snowfall of the season.,16,1284,32.64,117488.45,1,13
2025-10-17 5:46:06 AM,itookapicture,ITAP of air balloons,19,541,29.76,107126.45,0.99,3
2025-10-17 5:56:06 AM,itookapicture,ITAP of snowfall,2,2940,19.25,69306.12,0.99,45
2025-10-17 5:56:06 AM,itookapicture,ITAP of a mountain in Argentina,9,698,24.34,87612.12,0.99,11
2025-10-17 5:56:06 AM,itookapicture,ITAP of a cistern,11,553,23.4,84255.12,1,9
2025-10-17 5:56:06 AM,itookapicture,ITAP of a mountain after the first snowfall of the season.,17,1281,32.8,118088.12,1,13
2025-10-17 5:56:06 AM,itookapicture,ITAP of air balloons,19,543,29.92,107726.12,0.99,3
2025-10-17 6:06:06 AM,itookapicture,ITAP of snowfall,2,2945,19.42,69906.55,0.99,45
2025-10-17 6:06:06 AM,itookapicture,ITAP of a mountain in Argentina,9,699,24.5,88212.55,0.99,11
2025-10-17 6:06:06 AM,itookapicture,ITAP of a cistern,11,556,23.57,84855.55,1,9
2025-10-17 6:06:06 AM,itookapicture,ITAP of a mountain after the first snowfall of the season.,17,1283,32.97,118688.55,1,13
2025-10-17 6:06:06 AM,itookapicture,ITAP of air balloons,20,541,30.09,108326.55,0.99,3
2025-10-17 6:16:06 AM,itookapicture,ITAP of snowfall,2,2950,19.59,70506.21,0.99,45
2025-10-17 6:16:06 AM,itookapicture,ITAP of a mountain in Argentina,9,702,24.67,88812.21,0.99,11
2025-10-17 6:16:06 AM,itookapicture,ITAP of a cistern,11,553,23.74,85455.21,1,9
2025-10-17 6:16:06 AM,itookapicture,ITAP of a mountain after the first snowfall of the season.,18,1284,33.14,119288.21,1,13
2025-10-17 6:16:06 AM,itookapicture,ITAP of air balloons,20,547,30.26,108926.21,0.99,3
2025-10-17 6:31:56 AM,itookapicture,ITAP of snowfall,2,2970,19.85,71456.12,0.99,45
2025-10-17 6:31:56 AM,itookapicture,ITAP of a mountain in Argentina,10,706,24.93,89762.12,0.99,11
2025-10-17 6:31:56 AM,itookapicture,ITAP of a cistern,12,557,24,86405.12,1,9
2025-10-17 6:31:56 AM,itookapicture,ITAP of a mountain after the first snowfall of the season.,18,1286,33.4,120238.12,1,13
2025-10-17 6:31:56 AM,itookapicture,ITAP of air balloons,20,537,30.52,109876.12,0.99,3
2025-10-17 6:36:06 AM,itookapicture,ITAP of snowfall,2,2970,19.92,71706.06,0.99,45
2025-10-17 6:36:06 AM,itookapicture,ITAP of a mountain in Argentina,10,708,25,90012.06,0.99,11
2025-10-17 6:36:06 AM,itookapicture,ITAP of a cistern,12,551,24.07,86655.06,1,9
2025-10-17 6:36:06 AM,itookapicture,ITAP of a mountain after the first snowfall of the season.,18,1291,33.47,120488.06,1,13
2025-10-17 6:36:06 AM,itookapicture,ITAP of air balloons,21,541,30.59,110126.06,0.99,3
2025-10-17 6:46:06 AM,itookapicture,ITAP of snowfall,2,2983,20.09,72306.46,0.99,45
2025-10-17 6:46:06 AM,itookapicture,ITAP of a mountain in Argentina,10,706,25.17,90612.46,0.99,11
2025-10-17 6:46:06 AM,itookapicture,ITAP of a cistern,13,561,24.24,87255.46,1,9
2025-10-17 6:46:06 AM,itookapicture,ITAP of a mountain after the first snowfall of the season.,18,1296,33.64,121088.46,1,13
2025-10-17 6:46:06 AM,itookapicture,ITAP of air balloons,22,546,30.76,110726.46,0.99,3
2025-10-17 6:56:06 AM,itookapicture,ITAP of snowfall,2,3001,20.25,72906.62,0.99,45
2025-10-17 6:56:06 AM,itookapicture,ITAP of a mountain in Argentina,10,709,25.34,91212.62,0.99,11
2025-10-17 6:56:06 AM,itookapicture,ITAP of a cistern,13,559,24.4,87855.62,1,9
2025-10-17 6:56:06 AM,itookapicture,ITAP of a mountain after the first snowfall of the season.,19,1297,33.8,121688.62,1,13
2025-10-17 6:56:06 AM,itookapicture,ITAP of air balloons,22,540,30.92,111326.62,0.99,3
2025-10-17 7:06:06 AM,itookapicture,ITAP of snowfall,2,3013,20.42,73506.74,0.99,45
2025-10-17 7:06:06 AM,itookapicture,ITAP of a mountain in Argentina,12,708,25.5,91812.74,0.99,11
2025-10-17 7:06:06 AM,itookapicture,ITAP of a cistern,13,564,24.57,88455.74,1,9
2025-10-17 7:06:06 AM,itookapicture,ITAP of a mountain after the first snowfall of the season.,20,1301,33.97,122288.74,1,13
2025-10-17 7:06:06 AM,itookapicture,ITAP of air balloons,23,541,31.09,111926.74,0.99,3
2025-10-17 7:16:06 AM,itookapicture,ITAP of snowfall,2,3024,20.59,74106.17,0.99,45
2025-10-17 7:16:06 AM,itookapicture,ITAP of a mountain in Argentina,13,708,25.67,92412.17,0.99,11
2025-10-17 7:16:06 AM,itookapicture,ITAP of a cistern,14,556,24.74,89055.17,1,9
2025-10-17 7:16:06 AM,itookapicture,ITAP of a mountain after the first snowfall of the season.,21,1300,34.14,122888.17,1,13
2025-10-17 7:16:06 AM,itookapicture,ITAP of air balloons,24,544,31.26,112526.17,0.99,3
2025-10-17 7:26:06 AM,itookapicture,ITAP of snowfall,2,3031,20.75,74706.71,0.99,45
2025-10-17 7:26:06 AM,itookapicture,ITAP of a mountain in Argentina,13,710,25.84,93012.71,0.99,11
2025-10-17 7:26:06 AM,itookapicture,ITAP of a cistern,14,561,24.9,89655.71,1,9
2025-10-17 7:26:06 AM,itookapicture,ITAP of a mountain after the first snowfall of the season.,21,1298,34.3,123488.71,1,13
2025-10-17 7:26:06 AM,itookapicture,ITAP of air balloons,25,543,31.42,113126.71,0.99,3
2025-10-17 7:48:22 AM,itookapicture,ITAP of snowfall,2,3058,21.12,76042.54,0.99,45
2025-10-17 7:48:22 AM,itookapicture,ITAP of a mountain in Argentina,14,707,26.21,94348.54,0.99,11
2025-10-17 7:48:22 AM,itookapicture,ITAP of a cistern,15,563,25.28,90991.54,1,9
2025-10-17 7:48:22 AM,itookapicture,ITAP of a mountain after the first snowfall of the season.,23,1304,34.67,124824.54,1,13
2025-10-17 7:48:22 AM,itookapicture,ITAP of air balloons,28,548,31.8,114462.54,0.99,3
2025-10-17 7:48:24 AM,itookapicture,ITAP of snowfall,2,3064,21.12,76044.37,0.99,45
2025-10-17 7:48:24 AM,itookapicture,ITAP of a mountain in Argentina,14,712,26.21,94350.37,0.99,11
2025-10-17 7:48:24 AM,itookapicture,ITAP of a cistern,15,565,25.28,90993.37,1,9
2025-10-17 7:48:24 AM,itookapicture,ITAP of a mountain after the first snowfall of the season.,23,1303,34.67,124826.37,1,13
2025-10-17 7:48:24 AM,itookapicture,ITAP of air balloons,28,547,31.8,114464.37,0.99,3
2025-10-17 8:06:21 AM,itookapicture,ITAP of snowfall,2,3079,21.42,77121.29,0.99,46
2025-10-17 8:06:21 AM,itookapicture,ITAP of a mountain in Argentina,14,714,26.51,95427.29,0.99,11
2025-10-17 8:06:21 AM,itookapicture,ITAP of a cistern,15,567,25.58,92070.29,1,9
2025-10-17 8:06:21 AM,itookapicture,ITAP of a mountain after the first snowfall of the season.,22,1307,34.97,125903.29,1,13
2025-10-17 8:06:21 AM,itookapicture,ITAP of air balloons,26,545,32.09,115541.29,0.99,3
2025-10-17 8:06:22 AM,itookapicture,ITAP of snowfall,2,3076,21.42,77122.99,0.99,46
2025-10-17 8:06:22 AM,itookapicture,ITAP of a mountain in Argentina,14,715,26.51,95428.99,0.99,11
2025-10-17 8:06:22 AM,itookapicture,ITAP of a cistern,15,565,25.58,92071.99,1,9
2025-10-17 8:06:22 AM,itookapicture,ITAP of a mountain after the first snowfall of the season.,22,1301,34.97,125904.99,1,13
2025-10-17 8:06:22 AM,itookapicture,ITAP of air balloons,26,545,32.1,115542.99,0.99,3
2025-10-17 8:22:40 AM,itookapicture,ITAP of snowfall,2,3093,21.69,78100.33,0.99,48
2025-10-17 8:22:40 AM,itookapicture,ITAP of a mountain in Argentina,14,712,26.78,96406.33,0.99,11
2025-10-17 8:22:40 AM,itookapicture,ITAP of a cistern,15,562,25.85,93049.33,1,9
2025-10-17 8:22:40 AM,itookapicture,ITAP of a mountain after the first snowfall of the season.,22,1307,35.25,126882.33,1,13
2025-10-17 8:22:40 AM,itookapicture,ITAP of air balloons,27,545,32.37,116520.33,0.99,3
2025-10-17 8:32:57 AM,itookapicture,ITAP of snowfall,2,3094,21.87,78717.32,0.99,48
2025-10-17 8:32:57 AM,itookapicture,ITAP of a mountain in Argentina,13,718,26.95,97023.32,0.99,11
2025-10-17 8:32:57 AM,itookapicture,ITAP of a cistern,15,565,26.02,93666.32,1,9
2025-10-17 8:32:57 AM,itookapicture,ITAP of a mountain after the first snowfall of the season.,22,1308,35.42,127499.32,1,13
2025-10-17 8:32:57 AM,itookapicture,ITAP of air balloons,27,548,32.54,117137.32,0.99,3
2025-10-17 8:48:46 AM,itookapicture,ITAP of snowfall,3,3102,22.13,79666.75,0.99,48
2025-10-17 8:48:46 AM,itookapicture,ITAP of a mountain in Argentina,15,715,27.21,97972.75,0.99,11
2025-10-17 8:48:46 AM,itookapicture,ITAP of a cistern,17,569,26.28,94615.75,1,9
2025-10-17 8:48:46 AM,itookapicture,ITAP of a mountain after the first snowfall of the season.,26,1310,35.68,128448.75,1,13
2025-10-17 8:48:46 AM,itookapicture,ITAP of air balloons,31,552,32.8,118086.75,0.99,3
2025-10-17 8:48:49 AM,itookapicture,ITAP of snowfall,3,3106,22.13,79669.2,0.99,48
2025-10-17 8:48:49 AM,itookapicture,ITAP of a mountain in Argentina,15,713,27.22,97975.2,0.99,11
2025-10-17 8:48:49 AM,itookapicture,ITAP of a cistern,17,569,26.28,94618.2,1,9
2025-10-17 8:48:49 AM,itookapicture,ITAP of a mountain after the first snowfall of the season.,26,1310,35.68,128451.2,1,13
2025-10-17 8:48:49 AM,itookapicture,ITAP of air balloons,31,551,32.8,118089.2,0.99,3
2025-10-17 9:05:49 AM,itookapicture,ITAP of snowfall,3,3118,22.41,80689.19,0.99,49
2025-10-17 9:05:49 AM,itookapicture,ITAP of a mountain in Argentina,15,715,27.5,98995.19,0.99,11
2025-10-17 9:05:49 AM,itookapicture,ITAP of a cistern,17,572,26.57,95638.19,1,9
2025-10-17 9:05:49 AM,itookapicture,ITAP of a mountain after the first snowfall of the season.,26,1315,35.96,129471.19,1,13
2025-10-17 9:05:49 AM,itookapicture,ITAP of air balloons,31,552,33.09,119109.19,0.99,3
2025-10-17 9:06:06 AM,itookapicture,ITAP of snowfall,3,3116,22.42,80706.7,0.99,49
2025-10-17 9:06:06 AM,itookapicture,ITAP of a mountain in Argentina,15,711,27.5,99012.7,0.99,11
2025-10-17 9:06:06 AM,itookapicture,ITAP of a cistern,17,569,26.57,95655.7,1,9
2025-10-17 9:06:06 AM,itookapicture,ITAP of a mountain after the first snowfall of the season.,25,1309,35.97,129488.7,1,13
2025-10-17 9:06:06 AM,itookapicture,ITAP of air balloons,30,549,33.09,119126.7,0.99,3
2025-10-17 9:21:54 AM,itookapicture,ITAP of snowfall,4,3126,22.68,81654.62,0.99,49
2025-10-17 9:21:54 AM,itookapicture,ITAP of a mountain in Argentina,16,717,27.77,99960.62,0.99,11
2025-10-17 9:21:54 AM,itookapicture,ITAP of a cistern,18,572,26.83,96603.62,1,9
2025-10-17 9:21:54 AM,itookapicture,ITAP of a mountain after the first snowfall of the season.,26,1309,36.23,130436.62,1,13
2025-10-17 9:21:54 AM,itookapicture,ITAP of air balloons,31,544,33.35,120074.62,0.99,3
2025-10-17 9:33:58 AM,itookapicture,ITAP of snowfall,4,3131,22.88,82378.69,0.99,49
2025-10-17 9:33:58 AM,itookapicture,ITAP of a mountain in Argentina,16,715,27.97,100684.69,0.99,11
2025-10-17 9:33:58 AM,itookapicture,ITAP of a cistern,18,570,27.04,97327.69,1,9
2025-10-17 9:33:58 AM,itookapicture,ITAP of a mountain after the first snowfall of the season.,27,1315,36.43,131160.69,1,13
2025-10-17 9:33:58 AM,itookapicture,ITAP of air balloons,32,550,33.56,120798.69,0.99,3
2025-10-17 9:41:01 AM,itookapicture,ITAP of snowfall,4,3141,23,82801.2,0.99,49
2025-10-17 9:41:01 AM,itookapicture,ITAP of a mountain in Argentina,17,709,28.09,101107.2,0.99,11
2025-10-17 9:41:01 AM,itookapicture,ITAP of a cistern,18,579,27.15,97750.2,1,9
2025-10-17 9:41:01 AM,itookapicture,ITAP of a mountain after the first snowfall of the season.,25,1313,36.55,131583.2,1,13
2025-10-17 9:41:01 AM,itookapicture,ITAP of air balloons,31,554,33.67,121221.2,0.99,3
2025-10-17 9:46:06 AM,itookapicture,ITAP of snowfall,4,3137,23.09,83106.37,0.99,49
2025-10-17 9:46:06 AM,itookapicture,ITAP of a mountain in Argentina,18,710,28.17,101412.37,0.99,11
2025-10-17 9:46:06 AM,itookapicture,ITAP of a cistern,19,578,27.24,98055.37,1,9
2025-10-17 9:46:06 AM,itookapicture,ITAP of a mountain after the first snowfall of the season.,27,1317,36.64,131888.37,1,13
2025-10-17 9:46:06 AM,itookapicture,ITAP of air balloons,33,547,33.76,121526.37,0.99,3
2025-10-17 9:56:06 AM,itookapicture,ITAP of snowfall,4,3152,23.25,83706.11,0.99,49
2025-10-17 9:56:06 AM,itookapicture,ITAP of a mountain in Argentina,21,717,28.34,102012.11,0.99,11
2025-10-17 9:56:06 AM,itookapicture,ITAP of a cistern,22,576,27.4,98655.11,1,9
2025-10-17 9:56:06 AM,itookapicture,ITAP of a mountain after the first snowfall of the season.,30,1319,36.8,132488.11,1,13
2025-10-17 9:56:06 AM,itookapicture,ITAP of air balloons,36,548,33.92,122126.11,0.99,3
2025-10-17 10:06:06 AM,itookapicture,ITAP of snowfall,4,3151,23.42,84306.07,0.99,49
2025-10-17 10:06:06 AM,itookapicture,ITAP of a mountain in Argentina,22,716,28.5,102612.07,0.99,11
2025-10-17 10:06:06 AM,itookapicture,ITAP of a cistern,23,576,27.57,99255.07,1,9
2025-10-17 10:06:06 AM,itookapicture,ITAP of a mountain after the first snowfall of the season.,30,1314,36.97,133088.07,1,13
2025-10-17 10:06:06 AM,itookapicture,ITAP of air balloons,36,545,34.09,122726.07,0.99,3
2025-10-17 10:16:06 AM,itookapicture,ITAP of snowfall,4,3157,23.59,84906.34,0.99,49
2025-10-17 10:16:06 AM,itookapicture,ITAP of a mountain in Argentina,23,722,28.67,103212.34,0.99,11
2025-10-17 10:16:06 AM,itookapicture,ITAP of a cistern,24,579,27.74,99855.34,1,9
2025-10-17 10:16:06 AM,itookapicture,ITAP of a mountain after the first snowfall of the season.,31,1318,37.14,133688.34,1,13
2025-10-17 10:16:06 AM,itookapicture,ITAP of air balloons,37,554,34.26,123326.34,0.99,3
2025-10-17 10:26:06 AM,itookapicture,ITAP of snowfall,4,3156,23.75,85506.3,0.99,49
2025-10-17 10:26:06 AM,itookapicture,ITAP of a mountain in Argentina,24,717,28.84,103812.3,0.99,11
2025-10-17 10:26:06 AM,itookapicture,ITAP of a cistern,25,578,27.9,100455.3,1,9
2025-10-17 10:26:06 AM,itookapicture,ITAP of a mountain after the first snowfall of the season.,31,1316,37.3,134288.3,1,13
2025-10-17 10:26:06 AM,itookapicture,ITAP of air balloons,38,550,34.42,123926.3,0.99,3
2025-10-17 10:36:06 AM,itookapicture,ITAP of snowfall,4,3164,23.92,86106.85,0.99,49
2025-10-17 10:36:06 AM,itookapicture,ITAP of a mountain in Argentina,24,716,29,104412.85,0.99,11
2025-10-17 10:36:06 AM,itookapicture,ITAP of a cistern,25,579,28.07,101055.85,1,9
2025-10-17 10:36:06 AM,itookapicture,ITAP of a mountain after the first snowfall of the season.,31,1320,37.47,134888.85,1,13
2025-10-17 10:36:06 AM,itookapicture,ITAP of air balloons,39,551,34.59,124526.85,0.99,3
2025-10-17 10:46:06 AM,itookapicture,ITAP of snowfall,5,3162,24.09,86706.08,0.99,49
2025-10-17 10:46:06 AM,itookapicture,ITAP of a mountain in Argentina,25,718,29.17,105012.08,0.99,11
2025-10-17 10:46:06 AM,itookapicture,ITAP of a cistern,26,579,28.24,101655.08,1,9
2025-10-17 10:46:06 AM,itookapicture,ITAP of a mountain after the first snowfall of the season.,33,1330,37.64,135488.08,1,13
2025-10-17 10:46:06 AM,itookapicture,ITAP of air balloons,40,556,34.76,125126.08,0.99,3
2025-10-17 10:56:06 AM,itookapicture,ITAP of snowfall,5,3162,24.25,87306.48,0.99,49
2025-10-17 10:56:06 AM,itookapicture,ITAP of a mountain in Argentina,24,724,29.34,105612.48,0.99,11
2025-10-17 10:56:06 AM,itookapicture,ITAP of a cistern,25,574,28.4,102255.48,1,9
2025-10-17 10:56:06 AM,itookapicture,ITAP of a mountain after the first snowfall of the season.,35,1330,37.8,136088.48,1,13
2025-10-17 10:56:06 AM,itookapicture,ITAP of air balloons,42,550,34.92,125726.48,0.99,3
2025-10-17 11:07:58 AM,itookapicture,ITAP of snowfall,5,3170,24.45,88018.58,0.99,49
2025-10-17 11:07:58 AM,itookapicture,ITAP of a mountain in Argentina,24,720,29.53,106324.58,0.99,11
2025-10-17 11:07:58 AM,itookapicture,ITAP of a cistern,25,575,28.6,102967.58,1,9
2025-10-17 11:07:58 AM,itookapicture,ITAP of a mountain after the first snowfall of the season.,35,1333,38,136800.58,1,13
2025-10-17 11:07:58 AM,itookapicture,ITAP of air balloons,43,553,35.12,126438.58,0.99,3
2025-10-17 11:16:06 AM,itookapicture,ITAP of snowfall,5,3176,24.59,88506.37,0.99,49
2025-10-17 11:16:06 AM,itookapicture,ITAP of a mountain in Argentina,25,721,29.67,106812.37,0.99,11
2025-10-17 11:16:06 AM,itookapicture,ITAP of a cistern,26,581,28.74,103455.37,1,9
2025-10-17 11:16:06 AM,itookapicture,ITAP of a mountain after the first snowfall of the season.,36,1329,38.14,137288.37,1,13
2025-10-17 11:16:06 AM,itookapicture,ITAP of air balloons,43,553,35.26,126926.37,0.99,3
2025-10-17 11:26:06 AM,itookapicture,ITAP of snowfall,5,3171,24.75,89106.49,0.99,49
2025-10-17 11:26:06 AM,itookapicture,ITAP of a mountain in Argentina,27,722,29.84,107412.49,0.99,11
2025-10-17 11:26:06 AM,itookapicture,ITAP of a cistern,28,578,28.9,104055.49,1,9
2025-10-17 11:26:06 AM,itookapicture,ITAP of a mountain after the first snowfall of the season.,37,1327,38.3,137888.49,1,13
2025-10-17 11:26:06 AM,itookapicture,ITAP of air balloons,44,553,35.42,127526.49,0.99,3
2025-10-17 11:36:06 AM,itookapicture,ITAP of snowfall,5,3179,24.92,89706.83,0.99,49
2025-10-17 11:36:06 AM,itookapicture,ITAP of a mountain in Argentina,27,722,30,108012.83,0.99,11
2025-10-17 11:36:06 AM,itookapicture,ITAP of a cistern,28,583,29.07,104655.83,1,9
2025-10-17 11:36:06 AM,itookapicture,ITAP of a mountain after the first snowfall of the season.,37,1329,38.47,138488.83,1,13
2025-10-17 11:36:06 AM,itookapicture,ITAP of air balloons,44,547,35.59,128126.83,0.99,3
2025-10-17 11:46:06 AM,itookapicture,ITAP of snowfall,5,3188,25.09,90306.97,0.99,50
2025-10-17 11:46:06 AM,itookapicture,ITAP of a mountain in Argentina,27,723,30.17,108612.97,0.99,11
2025-10-17 11:46:06 AM,itookapicture,ITAP of a cistern,28,582,29.24,105255.97,1,9
2025-10-17 11:46:06 AM,itookapicture,ITAP of a mountain after the first snowfall of the season.,37,1332,38.64,139088.97,1,13
2025-10-17 11:46:06 AM,itookapicture,ITAP of air balloons,45,555,35.76,128726.97,0.99,3
2025-10-17 11:56:06 AM,itookapicture,ITAP of snowfall,5,3188,25.25,90906.18,0.99,50
2025-10-17 11:56:06 AM,itookapicture,ITAP of a mountain in Argentina,27,724,30.34,109212.18,0.99,11
2025-10-17 11:56:06 AM,itookapicture,ITAP of a cistern,28,574,29.4,105855.18,1,9
2025-10-17 11:56:06 AM,itookapicture,ITAP of a mountain after the first snowfall of the season.,37,1331,38.8,139688.18,1,13
2025-10-17 11:56:06 AM,itookapicture,ITAP of air balloons,46,554,35.92,129326.18,0.99,3
2025-10-17 12:06:06 PM,itookapicture,ITAP of snowfall,5,3193,25.42,91506.52,0.99,50
2025-10-17 12:06:06 PM,itookapicture,ITAP of a mountain in Argentina,28,725,30.5,109812.52,0.99,11
2025-10-17 12:06:06 PM,itookapicture,ITAP of a cistern,29,581,29.57,106455.52,1,9
2025-10-17 12:06:06 PM,itookapicture,ITAP of a mountain after the first snowfall of the season.,38,1334,38.97,140288.52,1,13
2025-10-17 12:06:06 PM,itookapicture,ITAP of air balloons,47,549,36.09,129926.52,0.99,3
2025-10-17 12:16:06 PM,itookapicture,ITAP of snowfall,6,3202,25.59,92106.61,0.99,50
2025-10-17 12:16:06 PM,itookapicture,ITAP of a mountain in Argentina,28,728,30.67,110412.61,0.99,11
2025-10-17 12:16:06 PM,itookapicture,ITAP of a cistern,29,579,29.74,107055.61,1,9
2025-10-17 12:16:06 PM,itookapicture,ITAP of a mountain after the first snowfall of the season.,39,1334,39.14,140888.61,1,13
2025-10-17 12:16:06 PM,itookapicture,ITAP of air balloons,48,547,36.26,130526.61,0.99,3
2025-10-17 12:26:06 PM,itookapicture,ITAP of snowfall,7,3205,25.75,92706.9,0.99,50
2025-10-17 12:26:06 PM,itookapicture,ITAP of a mountain in Argentina,30,730,30.84,111012.9,0.99,11
2025-10-17 12:26:06 PM,itookapicture,ITAP of a cistern,31,582,29.9,107655.9,1,9
2025-10-17 12:26:06 PM,itookapicture,ITAP of a mountain after the first snowfall of the season.,43,1339,39.3,141488.9,1,13
2025-10-17 12:26:06 PM,itookapicture,ITAP of air balloons,51,554,36.42,131126.9,0.99,3
2025-10-17 12:36:06 PM,itookapicture,ITAP of snowfall,7,3202,25.92,93306.88,0.99,50
2025-10-17 12:36:06 PM,itookapicture,ITAP of a mountain in Argentina,31,721,31,111612.88,0.99,11
2025-10-17 12:36:06 PM,itookapicture,ITAP of a cistern,32,577,30.07,108255.88,1,9
2025-10-17 12:36:06 PM,itookapicture,ITAP of a mountain after the first snowfall of the season.,43,1335,39.47,142088.88,1,13
2025-10-17 12:36:06 PM,itookapicture,ITAP of air balloons,51,550,36.59,131726.88,0.99,3
2025-10-17 12:46:06 PM,itookapicture,ITAP of snowfall,7,3204,26.09,93906.06,0.99,50
2025-10-17 12:46:06 PM,itookapicture,ITAP of a mountain in Argentina,32,726,31.17,112212.06,0.99,11
2025-10-17 12:46:06 PM,itookapicture,ITAP of a cistern,33,579,30.24,108855.06,1,9
2025-10-17 12:46:06 PM,itookapicture,ITAP of a mountain after the first snowfall of the season.,43,1336,39.64,142688.06,1,13
2025-10-17 12:46:06 PM,itookapicture,ITAP of air balloons,51,552,36.76,132326.06,0.99,3
2025-10-17 12:56:06 PM,itookapicture,ITAP of snowfall,7,3210,26.25,94506.66,0.99,50
2025-10-17 12:56:06 PM,itookapicture,ITAP of a mountain in Argentina,32,727,31.34,112812.66,0.99,11
2025-10-17 12:56:06 PM,itookapicture,ITAP of a cistern,33,578,30.4,109455.66,1,9
2025-10-17 12:56:06 PM,itookapicture,ITAP of a mountain after the first snowfall of the season.,44,1334,39.8,143288.66,1,13
2025-10-17 12:56:06 PM,itookapicture,ITAP of air balloons,52,554,36.92,132926.66,0.99,3
2025-10-17 1:06:06 PM,itookapicture,ITAP of snowfall,8,3212,26.42,95106.33,0.99,50
2025-10-17 1:06:06 PM,itookapicture,ITAP of a mountain in Argentina,33,725,31.5,113412.33,0.99,11
2025-10-17 1:06:06 PM,itookapicture,ITAP of a cistern,34,576,30.57,110055.33,1,9
2025-10-17 1:06:06 PM,itookapicture,ITAP of a mountain after the first snowfall of the season.,46,1333,39.97,143888.33,1,13
2025-10-17 1:06:06 PM,itookapicture,ITAP of air balloons,53,555,37.09,133526.33,0.99,3
2025-10-17 1:25:05 PM,itookapicture,ITAP of snowfall,8,3217,26.73,96245.36,0.99,50
2025-10-17 1:25:05 PM,itookapicture,ITAP of a mountain in Argentina,35,731,31.82,114551.36,0.99,11
2025-10-17 1:25:05 PM,itookapicture,ITAP of a cistern,36,584,30.89,111194.36,1,9
2025-10-17 1:25:05 PM,itookapicture,ITAP of a mountain after the first snowfall of the season.,48,1339,40.29,145027.36,1,13
2025-10-17 1:25:05 PM,itookapicture,ITAP of air balloons,55,551,37.41,134665.36,0.99,3
2025-10-17 1:26:06 PM,itookapicture,ITAP of snowfall,8,3220,26.75,96306.48,0.99,50
2025-10-17 1:26:06 PM,itookapicture,ITAP of a mountain in Argentina,35,724,31.84,114612.48,0.99,11
2025-10-17 1:26:06 PM,itookapicture,ITAP of a cistern,36,588,30.9,111255.48,1,9
2025-10-17 1:26:06 PM,itookapicture,ITAP of a mountain after the first snowfall of the season.,48,1340,40.3,145088.48,1,13
2025-10-17 1:26:06 PM,itookapicture,ITAP of air balloons,55,557,37.42,134726.48,0.99,3
2025-10-17 1:36:06 PM,itookapicture,ITAP of snowfall,8,3218,26.92,96906.2,0.99,50
2025-10-17 1:36:06 PM,itookapicture,ITAP of a mountain in Argentina,37,727,32,115212.2,0.99,11
2025-10-17 1:36:06 PM,itookapicture,ITAP of a cistern,38,585,31.07,111855.2,1,9
2025-10-17 1:36:06 PM,itookapicture,ITAP of a mountain after the first snowfall of the season.,48,1339,40.47,145688.2,1,13
2025-10-17 1:36:06 PM,itookapicture,ITAP of air balloons,55,551,37.59,135326.2,0.99,3