,name,album,track_number,acousticness,danceability,energy,loudness,tempo,valence,popularity,duration_ms
0,Fortnight (feat. Post Malone),THE TORTURED POETS DEPARTMENT: THE ANTHOLOGY,1,0.502,0.504,0.386,-10.976,192.004,0.281,82,228965
1,The Tortured Poets Department,THE TORTURED POETS DEPARTMENT: THE ANTHOLOGY,2,0.0483,0.604,0.428,-8.441,110.259,0.292,79,293048
2,My Boy Only Breaks His Favorite Toys,THE TORTURED POETS DEPARTMENT: THE ANTHOLOGY,3,0.137,0.596,0.563,-7.362,97.073,0.481,80,203801
3,Down Bad,THE TORTURED POETS DEPARTMENT: THE ANTHOLOGY,4,0.56,0.541,0.366,-10.412,159.707,0.168,82,261228
4,So Long London,THE TORTURED POETS DEPARTMENT: THE ANTHOLOGY,5,0.73,0.423,0.533,-11.388,160.218,0.248,80,262974
5,But Daddy I Love Him,THE TORTURED POETS DEPARTMENT: THE ANTHOLOGY,6,0.384,0.521,0.72,-7.684,79.943,0.438,81,340428
6,Fresh Out The Slammer,THE TORTURED POETS DEPARTMENT: THE ANTHOLOGY,7,0.624,0.33,0.483,-9.394,87.115,0.34,78,210789
7,Florida!!! (feat. Florence + The Machine),THE TORTURED POETS DEPARTMENT: THE ANTHOLOGY,8,0.178,0.533,0.573,-7.123,150.088,0.398,79,215463
8,Guilty as Sin?,THE TORTURED POETS DEPARTMENT: THE ANTHOLOGY,9,0.607,0.626,0.428,-8.374,94.95,0.487,82,254365
9,Who’s Afraid of Little Old Me?,THE TORTURED POETS DEPARTMENT: THE ANTHOLOGY,10,0.315,0.606,0.338,-10.555,119.88,0.238,81,334084
10,I Can Fix Him (No Really I Can),THE TORTURED POETS DEPARTMENT: THE ANTHOLOGY,11,0.768,0.661,0.257,-13.961,106.896,0.318,77,156297
11,loml,THE TORTURED POETS DEPARTMENT: THE ANTHOLOGY,12,0.858,0.423,0.272,-12.56,78.539,0.195,80,277156
12,I Can Do It With a Broken Heart,THE TORTURED POETS DEPARTMENT: THE ANTHOLOGY,13,0.123,0.701,0.751,-8.39,129.994,0.22,82,218004
13,The Smallest Man Who Ever Lived,THE TORTURED POETS DEPARTMENT: THE ANTHOLOGY,14,0.52,0.426,0.41,-9.083,142.377,0.263,81,245541
14,The Alchemy,THE TORTURED POETS DEPARTMENT: THE ANTHOLOGY,15,0.422,0.64,0.421,-8.802,100.056,0.353,78,196900
15,Clara Bow,THE TORTURED POETS DEPARTMENT: THE ANTHOLOGY,16,0.636,0.686,0.318,-11.046,104.088,0.214,76,216662
16,The Black Dog,THE TORTURED POETS DEPARTMENT: THE ANTHOLOGY,17,0.707,0.527,0.27,-10.855,154.042,0.23,79,238857
17,imgonnagetyouback,THE TORTURED POETS DEPARTMENT: THE ANTHOLOGY,18,0.608,0.784,0.391,-9.471,110.007,0.15,81,222072
18,The Albatross,THE TORTURED POETS DEPARTMENT: THE ANTHOLOGY,19,0.655,0.352,0.479,-8.942,172.013,0.292,77,183878
19,Chloe or Sam or Sophia or Marcus,THE TORTURED POETS DEPARTMENT: THE ANTHOLOGY,20,0.78,0.516,0.451,-8.552,70.266,0.218,77,213281
20,How Did It End?,THE TORTURED POETS DEPARTMENT: THE ANTHOLOGY,21,0.785,0.492,0.379,-8.859,83.993,0.273,80,238706
21,So High School,THE TORTURED POETS DEPARTMENT: THE ANTHOLOGY,22,0.0274,0.366,0.866,-4.514,176.07,0.293,82,228800
22,I Hate It Here,THE TORTURED POETS DEPARTMENT: THE ANTHOLOGY,23,0.717,0.485,0.562,-7.197,105.953,0.297,78,243875
23,thanK you aIMee,THE TORTURED POETS DEPARTMENT: THE ANTHOLOGY,24,0.609,0.609,0.541,-8.013,95.997,0.252,76,263817
24,I Look in People's Windows,THE TORTURED POETS DEPARTMENT: THE ANTHOLOGY,25,0.69,0.763,0.274,-11.429,90.796,0.385,76,131907
25,The Prophecy,THE TORTURED POETS DEPARTMENT: THE ANTHOLOGY,26,0.825,0.421,0.525,-10.359,167.927,0.535,81,249807
26,Cassandra,THE TORTURED POETS DEPARTMENT: THE ANTHOLOGY,27,0.806,0.587,0.587,-9.879,139.963,0.514,76,240205
27,Peter,THE TORTURED POETS DEPARTMENT: THE ANTHOLOGY,28,0.805,0.342,0.376,-8.212,176.859,0.29,77,283957
28,The Bolter,THE TORTURED POETS DEPARTMENT: THE ANTHOLOGY,29,0.638,0.455,0.586,-7.978,183.694,0.481,77,238241
29,Robin,THE TORTURED POETS DEPARTMENT: THE ANTHOLOGY,30,0.791,0.476,0.386,-10.601,138.265,0.158,73,240893
30,The Manuscript,THE TORTURED POETS DEPARTMENT: THE ANTHOLOGY,31,0.901,0.509,0.256,-11.665,94.184,0.436,74,224743
31,Fortnight (feat. Post Malone),THE TORTURED POETS DEPARTMENT,1,0.502,0.504,0.386,-10.976,192.004,0.281,91,228965
32,The Tortured Poets Department,THE TORTURED POETS DEPARTMENT,2,0.0483,0.604,0.428,-8.441,110.259,0.292,75,293048
33,My Boy Only Breaks His Favorite Toys,THE TORTURED POETS DEPARTMENT,3,0.137,0.596,0.563,-7.362,97.073,0.481,77,203801
34,Down Bad,THE TORTURED POETS DEPARTMENT,4,0.56,0.541,0.366,-10.412,159.707,0.168,82,261228
35,So Long London,THE TORTURED POETS DEPARTMENT,5,0.73,0.423,0.533,-11.388,160.218,0.248,78,262974
36,But Daddy I Love Him,THE TORTURED POETS DEPARTMENT,6,0.384,0.521,0.72,-7.684,79.943,0.438,78,340428
37,Fresh Out The Slammer,THE TORTURED POETS DEPARTMENT,7,0.624,0.33,0.483,-9.394,87.115,0.34,69,210789
38,Florida!!! (feat. Florence + The Machine),THE TORTURED POETS DEPARTMENT,8,0.178,0.533,0.573,-7.123,150.088,0.398,76,215463
39,Guilty as Sin?,THE TORTURED POETS DEPARTMENT,9,0.607,0.626,0.428,-8.374,94.95,0.487,82,254365
40,Who’s Afraid of Little Old Me?,THE TORTURED POETS DEPARTMENT,10,0.315,0.606,0.338,-10.555,119.88,0.238,80,334084
41,I Can Fix Him (No Really I Can),THE TORTURED POETS DEPARTMENT,11,0.768,0.661,0.257,-13.961,106.896,0.318,67,156297
42,loml,THE TORTURED POETS DEPARTMENT,12,0.858,0.423,0.272,-12.56,78.539,0.195,75,277156
43,I Can Do It With a Broken Heart,THE TORTURED POETS DEPARTMENT,13,0.123,0.701,0.751,-8.39,129.994,0.22,88,218004
44,The Smallest Man Who Ever Lived,THE TORTURED POETS DEPARTMENT,14,0.52,0.426,0.41,-9.083,142.377,0.263,74,245541
45,The Alchemy,THE TORTURED POETS DEPARTMENT,15,0.422,0.64,0.421,-8.802,100.056,0.353,73,196900
46,Clara Bow,THE TORTURED POETS DEPARTMENT,16,0.636,0.686,0.318,-11.046,104.088,0.214,67,216662
47,Welcome To New York (Taylor's Version),1989 (Taylor's Version) [Deluxe],1,0.00661,0.76,0.602,-4.871,116.989,0.685,62,212600
48,Blank Space (Taylor's Version),1989 (Taylor's Version) [Deluxe],2,0.0901,0.732,0.719,-5.469,96.035,0.71,64,231833
49,Style (Taylor's Version),1989 (Taylor's Version) [Deluxe],3,0.000456,0.514,0.821,-4.803,94.884,0.298,65,231000
50,Out Of The Woods (Taylor's Version),1989 (Taylor's Version) [Deluxe],4,0.000466,0.544,0.884,-5.973,91.981,0.184,63,235800
51,All You Had To Do Was Stay (Taylor's Version),1989 (Taylor's Version) [Deluxe],5,0.000778,0.589,0.713,-5.614,97.069,0.54,62,193289
52,Shake It Off (Taylor's Version),1989 (Taylor's Version) [Deluxe],6,0.0112,0.632,0.805,-5.707,160.052,0.903,62,219209
53,I Wish You Would (Taylor's Version),1989 (Taylor's Version) [Deluxe],7,0.00388,0.671,0.853,-6.568,118.032,0.523,61,207650
54,Bad Blood (Taylor's Version),1989 (Taylor's Version) [Deluxe],8,0.0369,0.624,0.711,-6.347,169.999,0.347,61,211103
55,Wildest Dreams (Taylor's Version),1989 (Taylor's Version) [Deluxe],9,0.0348,0.587,0.663,-7.439,139.993,0.539,63,220433
56,How You Get The Girl (Taylor's Version),1989 (Taylor's Version) [Deluxe],10,0.00198,0.761,0.67,-5.956,120.014,0.519,61,247533
57,This Love (Taylor’s Version),1989 (Taylor's Version) [Deluxe],11,0.302,0.47,0.494,-8.672,144.039,0.0524,60,250100
58,I Know Places (Taylor's Version),1989 (Taylor's Version) [Deluxe],12,0.0846,0.572,0.807,-5.348,160.015,0.626,61,195700
59,Clean (Taylor's Version),1989 (Taylor's Version) [Deluxe],13,0.297,0.782,0.379,-8.964,103.99,0.267,62,271000
60,Wonderland (Taylor's Version),1989 (Taylor's Version) [Deluxe],14,0.0105,0.387,0.703,-5.956,123.18,0.32,61,245566
61,You Are In Love (Taylor's Version),1989 (Taylor's Version) [Deluxe],15,0.572,0.554,0.509,-9.403,85.079,0.401,62,267389
62,New Romantics (Taylor's Version),1989 (Taylor's Version) [Deluxe],16,0.00516,0.653,0.848,-5.936,122.017,0.724,63,230177
63,"""Slut!"" (Taylor's Version) (From The Vault)",1989 (Taylor's Version) [Deluxe],17,0.33,0.621,0.415,-13.187,77.978,0.313,64,180381
64,Say Don't Go (Taylor's Version) (From The Vault),1989 (Taylor's Version) [Deluxe],18,0.0684,0.632,0.539,-8.375,109.962,0.186,63,279833
65,Now That We Don't Talk (Taylor's Version) (From The Vault),1989 (Taylor's Version) [Deluxe],19,0.16,0.8,0.509,-9.386,109.994,0.0768,65,146436
66,Suburban Legends (Taylor's Version) (From The Vault),1989 (Taylor's Version) [Deluxe],20,0.212,0.695,0.607,-8.84,118.043,0.394,61,171818
67,Is It Over Now? (Taylor's Version) (From The Vault),1989 (Taylor's Version) [Deluxe],21,0.0486,0.599,0.651,-7.343,100.001,0.153,66,229477
68,Bad Blood (feat. Kendrick Lamar) (Taylor's Version),1989 (Taylor's Version) [Deluxe],22,0.0143,0.604,0.644,-6.931,170.088,0.197,74,199773
69,Welcome To New York (Taylor's Version),1989 (Taylor's Version),1,0.00661,0.76,0.602,-4.871,116.989,0.685,71,212600
70,Blank Space (Taylor's Version),1989 (Taylor's Version),2,0.0901,0.732,0.719,-5.469,96.035,0.71,80,231833
71,Style (Taylor's Version),1989 (Taylor's Version),3,0.000456,0.514,0.821,-4.803,94.884,0.298,79,231000
72,Out Of The Woods (Taylor's Version),1989 (Taylor's Version),4,0.000466,0.544,0.884,-5.973,91.981,0.184,73,235800
73,All You Had To Do Was Stay (Taylor's Version),1989 (Taylor's Version),5,0.000778,0.589,0.713,-5.614,97.069,0.54,69,193289
74,Shake It Off (Taylor's Version),1989 (Taylor's Version),6,0.0112,0.632,0.805,-5.707,160.052,0.903,75,219209
75,I Wish You Would (Taylor's Version),1989 (Taylor's Version),7,0.00388,0.671,0.853,-6.568,118.032,0.523,68,207650
76,Bad Blood (Taylor's Version),1989 (Taylor's Version),8,0.0369,0.624,0.711,-6.347,169.999,0.347,71,211103
77,Wildest Dreams (Taylor's Version),1989 (Taylor's Version),9,0.0348,0.587,0.663,-7.439,139.993,0.539,77,220433
78,How You Get The Girl (Taylor's Version),1989 (Taylor's Version),10,0.00198,0.761,0.67,-5.956,120.014,0.519,67,247533
79,This Love (Taylor’s Version),1989 (Taylor's Version),11,0.302,0.47,0.494,-8.672,144.039,0.0524,67,250100
80,I Know Places (Taylor's Version),1989 (Taylor's Version),12,0.0846,0.572,0.807,-5.348,160.015,0.626,66,195700
81,Clean (Taylor's Version),1989 (Taylor's Version),13,0.297,0.782,0.379,-8.964,103.99,0.267,70,271000
82,Wonderland (Taylor's Version),1989 (Taylor's Version),14,0.0105,0.387,0.703,-5.956,123.18,0.32,67,245566
83,You Are In Love (Taylor's Version),1989 (Taylor's Version),15,0.572,0.554,0.509,-9.403,85.079,0.401,69,267389
84,New Romantics (Taylor's Version),1989 (Taylor's Version),16,0.00516,0.653,0.848,-5.936,122.017,0.724,74,230177
85,"""Slut!"" (Taylor's Version) (From The Vault)",1989 (Taylor's Version),17,0.33,0.621,0.415,-13.187,77.978,0.313,77,180381
86,Say Don't Go (Taylor's Version) (From The Vault),1989 (Taylor's Version),18,0.0684,0.632,0.539,-8.375,109.962,0.186,73,279833
87,Now That We Don't Talk (Taylor's Version) (From The Vault),1989 (Taylor's Version),19,0.16,0.8,0.509,-9.386,109.994,0.0768,77,146436
88,Suburban Legends (Taylor's Version) (From The Vault),1989 (Taylor's Version),20,0.212,0.695,0.607,-8.84,118.043,0.394,68,171818
89,Is It Over Now? (Taylor's Version) (From The Vault),1989 (Taylor's Version),21,0.0486,0.599,0.651,-7.343,100.001,0.153,78,229477
90,Mine (Taylor's Version),Speak Now (Taylor's Version),1,0.00314,0.647,0.793,-2.903,121.101,0.5,74,231706
91,Sparks Fly (Taylor’s Version),Speak Now (Taylor's Version),2,0.0241,0.605,0.769,-2.413,114.921,0.366,72,261230
92,Back To December (Taylor's Version),Speak Now (Taylor's Version),3,0.00705,0.486,0.635,-3.994,141.868,0.235,74,294189
93,Speak Now (Taylor's Version),Speak Now (Taylor's Version),4,0.225,0.734,0.686,-2.926,119.002,0.598,69,242473
94,Dear John (Taylor's Version),Speak Now (Taylor's Version),5,0.0327,0.379,0.468,-5.07,119.447,0.115,69,405906
95,Mean (Taylor's Version),Speak Now (Taylor's Version),6,0.321,0.526,0.7,-3.95,163.949,0.596,69,238693
96,The Story Of Us (Taylor's Version),Speak Now (Taylor's Version),7,0.00136,0.516,0.784,-2.636,139.787,0.552,70,267653
97,Never Grow Up (Taylor's Version),Speak Now (Taylor's Version),8,0.867,0.684,0.339,-7.259,125.054,0.572,65,292920
98,Enchanted (Taylor's Version),Speak Now (Taylor's Version),9,0.016,0.52,0.553,-3.546,81.949,0.227,80,353253
99,Better Than Revenge (Taylor's Version),Speak Now (Taylor's Version),10,0.000795,0.505,0.893,-3.013,145.913,0.659,71,220306
100,Innocent (Taylor's Version),Speak Now (Taylor's Version),11,0.0972,0.524,0.611,-5.298,133.583,0.126,63,301221
101,Haunted (Taylor's Version),Speak Now (Taylor's Version),12,0.00552,0.44,0.916,-1.927,162.025,0.371,69,245413
102,Last Kiss (Taylor's Version),Speak Now (Taylor's Version),13,0.443,0.557,0.362,-8.641,79.573,0.187,69,369120
103,Long Live (Taylor's Version),Speak Now (Taylor's Version),14,0.0162,0.38,0.628,-4.054,203.826,0.0984,73,317960
104,Ours (Taylor’s Version),Speak Now (Taylor's Version),15,0.42,0.539,0.475,-8.411,159.824,0.293,66,235803
105,Superman (Taylor’s Version),Speak Now (Taylor's Version),16,0.00207,0.537,0.733,-3.506,131.898,0.347,62,274945
106,Electric Touch (feat. Fall Out Boy) (Taylor’s Version) (From The Vault),Speak Now (Taylor's Version),17,0.018,0.547,0.854,-4.753,131.068,0.26,68,266466
107,When Emma Falls in Love (Taylor’s Version) (From The Vault),Speak Now (Taylor's Version),18,0.168,0.524,0.759,-4.714,77.879,0.234,66,252385
108,I Can See You (Taylor’s Version) (From The Vault),Speak Now (Taylor's Version),19,0.0577,0.695,0.768,-4.883,123.054,0.813,75,273186
109,Castles Crumbling (feat. Hayley Williams) (Taylor’s Version) (From The Vault),Speak Now (Taylor's Version),20,0.342,0.578,0.565,-8.064,147.781,0.351,67,306062
110,Foolish One (Taylor’s Version) (From The Vault),Speak Now (Taylor's Version),21,0.599,0.672,0.613,-4.709,97.041,0.557,68,311765
111,Timeless (Taylor’s Version) (From The Vault),Speak Now (Taylor's Version),22,0.332,0.629,0.578,-5.806,142.887,0.651,69,321396
112,Lavender Haze,Midnights (The Til Dawn Edition),1,0.23,0.735,0.449,-10.56,97.05,0.0955,63,202395
113,Maroon,Midnights (The Til Dawn Edition),2,0.0634,0.655,0.384,-8.29,108.058,0.0384,64,218270
114,Anti-Hero,Midnights (The Til Dawn Edition),3,0.121,0.633,0.648,-6.645,96.888,0.49,63,200690
115,Snow On The Beach (feat. Lana Del Rey),Midnights (The Til Dawn Edition),4,0.701,0.663,0.321,-13.527,110.021,0.153,60,256124
116,You're On Your Own Kid,Midnights (The Til Dawn Edition),5,0.447,0.696,0.39,-10.331,120.032,0.395,64,194206
117,Midnight Rain,Midnights (The Til Dawn Edition),6,0.71,0.604,0.375,-11.637,137.651,0.203,63,174782
118,Question...?,Midnights (The Til Dawn Edition),7,0.206,0.654,0.51,-8.767,108.874,0.105,61,210556
119,Vigilante Shit,Midnights (The Til Dawn Edition),8,0.166,0.872,0.267,-10.764,79.964,0.168,62,164801
120,Bejeweled,Midnights (The Til Dawn Edition),9,0.0593,0.687,0.551,-9.202,163.994,0.443,63,194165
121,Labyrinth,Midnights (The Til Dawn Edition),10,0.797,0.48,0.295,-15.512,110.018,0.132,61,247962
122,Karma,Midnights (The Til Dawn Edition),11,0.062,0.64,0.619,-7.108,90.008,0.121,62,204852
123,Sweet Nothing,Midnights (The Til Dawn Edition),12,0.968,0.336,0.161,-14.973,176.48,0.407,60,188496
124,Mastermind,Midnights (The Til Dawn Edition),13,0.565,0.66,0.343,-14.132,125.96,0.137,61,191039
125,The Great War,Midnights (The Til Dawn Edition),14,0.199,0.57,0.747,-8.93,96.016,0.574,62,240355
126,Bigger Than The Whole Sky,Midnights (The Til Dawn Edition),15,0.841,0.42,0.22,-12.584,165.564,0.0705,60,218502
127,Paris,Midnights (The Til Dawn Edition),16,0.103,0.703,0.518,-10.501,110.94,0.347,60,196258
128,High Infidelity,Midnights (The Til Dawn Edition),17,0.704,0.571,0.547,-10.141,175.933,0.768,59,231475
129,Glitch,Midnights (The Til Dawn Edition),18,0.314,0.677,0.47,-9.65,140.881,0.347,58,148781
130,Would've Could've Should've,Midnights (The Til Dawn Edition),19,0.393,0.485,0.846,-6.557,157.918,0.548,62,260361
131,Dear Reader,Midnights (The Til Dawn Edition),20,0.464,0.674,0.39,-11.944,107.891,0.151,59,225194
132,Hits Different,Midnights (The Til Dawn Edition),21,0.134,0.666,0.786,-6.556,106.02,0.261,72,234466
133,Snow On The Beach (feat. More Lana Del Rey),Midnights (The Til Dawn Edition),22,0.797,0.664,0.399,-10.997,109.937,0.265,73,229942
134,Karma (feat. Ice Spice),Midnights (The Til Dawn Edition),23,0.0574,0.615,0.626,-6.548,89.984,0.0705,64,201493
135,Lavender Haze,Midnights (3am Edition),1,0.23,0.735,0.449,-10.56,97.05,0.0955,61,202395
136,Maroon,Midnights (3am Edition),2,0.0634,0.655,0.384,-8.29,108.058,0.0384,61,218270
137,Anti-Hero,Midnights (3am Edition),3,0.121,0.633,0.648,-6.645,96.888,0.49,62,200690
138,Snow On The Beach (feat. Lana Del Rey),Midnights (3am Edition),4,0.701,0.663,0.321,-13.527,110.021,0.153,62,256124
139,You're On Your Own Kid,Midnights (3am Edition),5,0.447,0.696,0.39,-10.331,120.032,0.395,62,194206
140,Midnight Rain,Midnights (3am Edition),6,0.71,0.604,0.375,-11.637,137.651,0.203,61,174782
141,Question...?,Midnights (3am Edition),7,0.206,0.654,0.51,-8.767,108.874,0.105,58,210556
142,Vigilante Shit,Midnights (3am Edition),8,0.166,0.872,0.267,-10.764,79.964,0.168,61,164801
143,Bejeweled,Midnights (3am Edition),9,0.0593,0.687,0.551,-9.202,163.994,0.443,62,194165
144,Labyrinth,Midnights (3am Edition),10,0.797,0.48,0.295,-15.512,110.018,0.132,58,247962
145,Karma,Midnights (3am Edition),11,0.062,0.64,0.619,-7.108,90.008,0.121,65,204852
146,Sweet Nothing,Midnights (3am Edition),12,0.968,0.336,0.161,-14.973,176.48,0.407,60,188496
147,Mastermind,Midnights (3am Edition),13,0.565,0.66,0.343,-14.132,125.96,0.137,64,191039
148,The Great War,Midnights (3am Edition),14,0.199,0.57,0.747,-8.93,96.016,0.574,69,240355
149,Bigger Than The Whole Sky,Midnights (3am Edition),15,0.841,0.42,0.22,-12.584,165.564,0.0705,66,218502
150,Paris,Midnights (3am Edition),16,0.103,0.703,0.518,-10.501,110.94,0.347,66,196258
151,High Infidelity,Midnights (3am Edition),17,0.704,0.571,0.547,-10.141,175.933,0.768,64,231475
152,Glitch,Midnights (3am Edition),18,0.314,0.677,0.47,-9.65,140.881,0.347,63,148781
153,Would've Could've Should've,Midnights (3am Edition),19,0.393,0.485,0.846,-6.557,157.918,0.548,68,260361
154,Dear Reader,Midnights (3am Edition),20,0.464,0.674,0.39,-11.944,107.891,0.151,64,225194
155,Lavender Haze,Midnights,1,0.23,0.735,0.449,-10.56,97.05,0.0955,77,202395
156,Maroon,Midnights,2,0.0634,0.655,0.384,-8.29,108.058,0.0384,72,218270
157,Anti-Hero,Midnights,3,0.121,0.633,0.648,-6.645,96.888,0.49,85,200690
158,Snow On The Beach (feat. Lana Del Rey),Midnights,4,0.701,0.663,0.321,-13.527,110.021,0.153,69,256124
159,You're On Your Own Kid,Midnights,5,0.447,0.696,0.39,-10.331,120.032,0.395,77,194206
160,Midnight Rain,Midnights,6,0.71,0.604,0.375,-11.637,137.651,0.203,76,174782
161,Question...?,Midnights,7,0.206,0.654,0.51,-8.767,108.874,0.105,66,210556
162,Vigilante Shit,Midnights,8,0.166,0.872,0.267,-10.764,79.964,0.168,74,164801
163,Bejeweled,Midnights,9,0.0593,0.687,0.551,-9.202,163.994,0.443,77,194165
164,Labyrinth,Midnights,10,0.797,0.48,0.295,-15.512,110.018,0.132,70,247962
165,Karma,Midnights,11,0.062,0.64,0.619,-7.108,90.008,0.121,80,204852
166,Sweet Nothing,Midnights,12,0.968,0.336,0.161,-14.973,176.48,0.407,69,188496
167,Mastermind,Midnights,13,0.565,0.66,0.343,-14.132,125.96,0.137,72,191039
168,State Of Grace (Taylor's Version),Red (Taylor's Version),1,0.000328,0.594,0.713,-5.314,129.958,0.328,65,295413
169,Red (Taylor's Version),Red (Taylor's Version),2,0.00108,0.516,0.777,-4.908,125.047,0.408,73,223093
170,Treacherous (Taylor's Version),Red (Taylor's Version),3,0.0344,0.645,0.593,-6.506,109.984,0.299,65,242720
171,I Knew You Were Trouble (Taylor's Version),Red (Taylor's Version),4,0.0129,0.584,0.557,-6.371,154.008,0.767,76,219760
172,All Too Well (Taylor's Version),Red (Taylor's Version),5,0.0171,0.44,0.528,-7.809,185.972,0.132,71,329160
173,22 (Taylor's Version),Red (Taylor's Version),6,0.000443,0.642,0.695,-5.62,103.984,0.642,76,230960
174,I Almost Do (Taylor's Version),Red (Taylor's Version),7,0.0167,0.511,0.559,-6.587,145.88,0.248,64,244586
175,We Are Never Ever Getting Back Together (Taylor's Version),Red (Taylor's Version),8,0.0317,0.567,0.686,-6.139,172.014,0.716,76,193146
176,Stay Stay Stay (Taylor's Version),Red (Taylor's Version),9,0.0848,0.693,0.681,-7.039,100.02,0.663,64,205786
177,The Last Time (feat. Gary Lightbody of Snow Patrol) (Taylor’s Version),Red (Taylor's Version),10,0.0399,0.502,0.534,-5.954,94.05,0.155,67,299080
178,Holy Ground (Taylor's Version),Red (Taylor's Version),11,0.0288,0.622,0.809,-5.623,156.894,0.511,64,202960
179,Sad Beautiful Tragic (Taylor's Version),Red (Taylor's Version),12,0.622,0.601,0.406,-11.827,130.059,0.232,65,284773
180,The Lucky One (Taylor's Version),Red (Taylor's Version),13,0.066,0.686,0.571,-7.138,117.889,0.538,63,240466
181,Everything Has Changed (feat. Ed Sheeran) (Taylor’s Version),Red (Taylor's Version),14,0.271,0.498,0.61,-5.098,79.918,0.474,70,245426
182,Starlight (Taylor's Version),Red (Taylor's Version),15,0.00324,0.628,0.685,-5.864,126.014,0.605,63,220413
183,Begin Again (Taylor's Version),Red (Taylor's Version),16,0.075,0.519,0.527,-7.673,78.915,0.267,66,238866
184,The Moment I Knew (Taylor's Version),Red (Taylor's Version),17,0.0494,0.636,0.402,-7.855,125.952,0.208,63,285280
185,Come Back...Be Here (Taylor's Version),Red (Taylor's Version),18,0.0158,0.46,0.632,-6.031,79.846,0.399,66,223333
186,Girl At Home (Taylor's Version),Red (Taylor's Version),19,0.00955,0.691,0.736,-6.974,125.089,0.612,61,220520
187,State Of Grace (Acoustic Version) (Taylor's Version),Red (Taylor's Version),20,0.663,0.445,0.131,-13.778,208.918,0.101,61,321640
188,Ronan (Taylor's Version),Red (Taylor's Version),21,0.661,0.623,0.279,-10.802,116.04,0.38,58,264253
189,Better Man (Taylor's Version) (From The Vault),Red (Taylor's Version),22,0.214,0.473,0.579,-5.824,73.942,0.255,67,297013
190,Nothing New (feat. Phoebe Bridgers) (Taylor’s Version) (From The Vault),Red (Taylor's Version),23,0.817,0.606,0.377,-9.455,101.96,0.446,70,258812
191,Babe (Taylor's Version) (From The Vault),Red (Taylor's Version),24,0.0538,0.584,0.743,-7.075,167.844,0.746,67,224240
192,Message In A Bottle (Taylor's Version) (From The Vault),Red (Taylor's Version),25,0.00188,0.622,0.791,-6.106,115.915,0.494,70,225960
193,I Bet You Think About Me (feat. Chris Stapleton) (Taylor’s Version) (From The Vault),Red (Taylor's Version),26,0.167,0.391,0.715,-4.516,149.654,0.473,70,285106
194,Forever Winter (Taylor's Version) (From The Vault),Red (Taylor's Version),27,0.256,0.611,0.552,-5.828,116.012,0.41,63,263533
195,Run (feat. Ed Sheeran) (Taylor’s Version) (From The Vault),Red (Taylor's Version),28,0.817,0.61,0.488,-6.918,125.039,0.443,64,240226
196,The Very First Night (Taylor's Version) (From The Vault),Red (Taylor's Version),29,0.00115,0.678,0.733,-5.025,121.009,0.581,69,200280
197,All Too Well (10 Minute Version) (Taylor's Version) (From The Vault),Red (Taylor's Version),30,0.274,0.631,0.518,-8.771,93.023,0.205,80,613026
198,Fearless (Taylor’s Version),Fearless (Taylor's Version),1,0.0122,0.569,0.741,-4.963,100.118,0.43,78,241591
199,Fifteen (Taylor’s Version),Fearless (Taylor's Version),2,0.116,0.559,0.646,-4.61,95.466,0.289,66,294419
200,Love Story (Taylor’s Version),Fearless (Taylor's Version),3,0.13,0.627,0.792,-4.311,119.054,0.415,78,235766
201,Hey Stephen (Taylor’s Version),Fearless (Taylor's Version),4,0.106,0.788,0.571,-6.135,115.99,0.797,65,254254
202,White Horse (Taylor’s Version),Fearless (Taylor's Version),5,0.369,0.423,0.517,-7.377,185.262,0.366,67,234515
203,You Belong With Me (Taylor’s Version),Fearless (Taylor's Version),6,0.0623,0.632,0.773,-4.856,130.033,0.474,81,231124
204,Breathe (feat. Colbie Caillat) (Taylor’s Version),Fearless (Taylor's Version),7,0.156,0.506,0.626,-6.066,148.035,0.321,63,263377
205,Tell Me Why (Taylor’s Version),Fearless (Taylor's Version),8,0.0222,0.578,0.909,-3.669,100.023,0.541,62,200575
206,You’re Not Sorry (Taylor’s Version),Fearless (Taylor's Version),9,0.0538,0.506,0.444,-4.99,133.873,0.241,64,261842
207,The Way I Loved You (Taylor’s Version),Fearless (Taylor's Version),10,0.0033,0.402,0.732,-4.665,161.032,0.472,76,243136
208,Forever & Always (Taylor’s Version),Fearless (Taylor's Version),11,0.0231,0.598,0.821,-4.433,128.03,0.673,67,225328
209,The Best Day (Taylor’s Version),Fearless (Taylor's Version),12,0.488,0.642,0.576,-8.524,125,0.469,61,245290
210,Change (Taylor’s Version),Fearless (Taylor's Version),13,0.000191,0.499,0.815,-4.063,95.999,0.344,60,279359
211,Jump Then Fall (Taylor’s Version),Fearless (Taylor's Version),14,0.0474,0.572,0.69,-6.201,160.111,0.624,62,237580
212,Untouchable (Taylor’s Version),Fearless (Taylor's Version),15,0.0181,0.393,0.531,-6.112,200.391,0.224,63,312107
213,Forever & Always (Piano Version) (Taylor’s Version),Fearless (Taylor's Version),16,0.819,0.546,0.273,-9.208,118.753,0.271,61,267833
214,Come In With The Rain (Taylor’s Version),Fearless (Taylor's Version),17,0.0406,0.476,0.564,-5.677,143.929,0.167,59,237338
215,Superstar (Taylor’s Version),Fearless (Taylor's Version),18,0.157,0.454,0.555,-6.69,171.862,0.171,59,263865
216,The Other Side Of The Door (Taylor’s Version),Fearless (Taylor's Version),19,0.0279,0.432,0.873,-4.367,163.936,0.629,64,238443
217,Today Was A Fairytale (Taylor’s Version),Fearless (Taylor's Version),20,0.0135,0.482,0.779,-5.025,158.162,0.328,62,241822
218,You All Over Me (feat. Maren Morris) (Taylor’s Version) (From The Vault),Fearless (Taylor's Version),21,0.816,0.599,0.494,-7.61,142.893,0.44,59,220839
219,Mr. Perfectly Fine (Taylor’s Version) (From The Vault),Fearless (Taylor's Version),22,0.162,0.66,0.817,-6.269,135.942,0.714,70,277591
220,We Were Happy (Taylor’s Version) (From The Vault),Fearless (Taylor's Version),23,0.849,0.609,0.373,-8.819,106.007,0.13,62,244236
221,That’s When (feat. Keith Urban) (Taylor’s Version) (From The Vault),Fearless (Taylor's Version),24,0.225,0.588,0.608,-7.062,90.201,0.508,64,189495
222,Don’t You (Taylor’s Version) (From The Vault),Fearless (Taylor's Version),25,0.514,0.563,0.473,-11.548,101.934,0.405,63,208608
223,Bye Bye Baby (Taylor’s Version) (From The Vault),Fearless (Taylor's Version),26,0.334,0.624,0.624,-7.86,80.132,0.527,61,242157
224,willow,evermore (deluxe version),1,0.833,0.392,0.574,-9.195,81.112,0.529,66,214706
225,champagne problems,evermore (deluxe version),2,0.92,0.462,0.24,-12.077,171.319,0.32,67,244000
226,gold rush,evermore (deluxe version),3,0.83,0.512,0.462,-10.491,112.05,0.353,64,185320
227,‘tis the damn season,evermore (deluxe version),4,0.735,0.575,0.434,-8.193,145.916,0.348,64,229840
228,tolerate it,evermore (deluxe version),5,0.878,0.316,0.361,-10.381,74.952,0.221,66,245440
229,no body no crime (feat. HAIM),evermore (deluxe version),6,0.418,0.546,0.613,-7.589,79.015,0.535,64,215626
230,happiness,evermore (deluxe version),7,0.87,0.559,0.334,-10.733,122.079,0.211,62,315146
231,dorothea,evermore (deluxe version),8,0.696,0.605,0.488,-8.322,119.966,0.354,61,225880
232,coney island (feat. The National),evermore (deluxe version),9,0.819,0.537,0.537,-11.266,107.895,0.292,63,275320
233,ivy,evermore (deluxe version),10,0.855,0.515,0.545,-9.277,88.856,0.535,63,260440
234,cowboy like me,evermore (deluxe version),11,0.768,0.604,0.517,-9.014,127.967,0.511,63,275040
235,long story short,evermore (deluxe version),12,0.66,0.546,0.73,-7.704,157.895,0.573,62,215920
236,marjorie,evermore (deluxe version),13,0.876,0.535,0.561,-11.609,96.103,0.287,63,257773
237,closure,evermore (deluxe version),14,0.835,0.689,0.704,-10.813,151.884,0.92,60,180653
238,evermore (feat. Bon Iver),evermore (deluxe version),15,0.937,0.39,0.27,-10.673,125.177,0.32,64,304106
239,right where you left me - bonus track,evermore (deluxe version),16,0.769,0.581,0.619,-6.524,137.915,0.645,74,245026
240,it’s time to go - bonus track,evermore (deluxe version),17,0.801,0.592,0.41,-12.426,151.923,0.416,66,254640
241,willow,evermore,1,0.833,0.392,0.574,-9.195,81.112,0.529,77,214706
242,champagne problems,evermore,2,0.92,0.462,0.24,-12.077,171.319,0.32,77,244000
243,gold rush,evermore,3,0.83,0.512,0.462,-10.491,112.05,0.353,67,185320
244,‘tis the damn season,evermore,4,0.735,0.575,0.434,-8.193,145.916,0.348,65,229840
245,tolerate it,evermore,5,0.878,0.316,0.361,-10.381,74.952,0.221,72,245440
246,no body no crime (feat. HAIM),evermore,6,0.418,0.546,0.613,-7.589,79.015,0.535,66,215626
247,happiness,evermore,7,0.87,0.559,0.334,-10.733,122.079,0.211,64,315146
248,dorothea,evermore,8,0.696,0.605,0.488,-8.322,119.966,0.354,62,225880
249,coney island (feat. The National),evermore,9,0.819,0.537,0.537,-11.266,107.895,0.292,61,275320
250,ivy,evermore,10,0.855,0.515,0.545,-9.277,88.856,0.535,66,260440
251,cowboy like me,evermore,11,0.768,0.604,0.517,-9.014,127.967,0.511,65,275040
252,long story short,evermore,12,0.66,0.546,0.73,-7.704,157.895,0.573,62,215920
253,marjorie,evermore,13,0.876,0.535,0.561,-11.609,96.103,0.287,70,257773
254,closure,evermore,14,0.835,0.689,0.704,-10.813,151.884,0.92,59,180653
255,evermore (feat. Bon Iver),evermore,15,0.937,0.39,0.27,-10.673,125.177,0.32,63,304106
256,the 1,folklore: the long pond studio sessions (from the Disney+ special) [deluxe edition],1,0.75,0.78,0.361,-6.942,139.902,0.163,48,210240
257,cardigan,folklore: the long pond studio sessions (from the Disney+ special) [deluxe edition],2,0.525,0.612,0.58,-8.572,130.045,0.534,49,239560
258,the last great american dynasty,folklore: the long pond studio sessions (from the Disney+ special) [deluxe edition],3,0.481,0.688,0.653,-8.558,147.991,0.701,47,231000
259,exile (feat. Bon Iver),folklore: the long pond studio sessions (from the Disney+ special) [deluxe edition],4,0.761,0.31,0.374,-8.464,75.938,0.16,48,285640
260,my tears ricochet,folklore: the long pond studio sessions (from the Disney+ special) [deluxe edition],5,0.814,0.456,0.265,-10.663,129.947,0.112,48,255893
261,mirrorball,folklore: the long pond studio sessions (from the Disney+ special) [deluxe edition],6,0.686,0.549,0.417,-10.064,110.137,0.347,46,208973
262,seven,folklore: the long pond studio sessions (from the Disney+ special) [deluxe edition],7,0.888,0.602,0.494,-10.813,94.955,0.374,45,208906
263,august,folklore: the long pond studio sessions (from the Disney+ special) [deluxe edition],8,0.553,0.387,0.634,-9.222,89.567,0.42,48,261920
264,this is me trying,folklore: the long pond studio sessions (from the Disney+ special) [deluxe edition],9,0.312,0.511,0.478,-9.837,135.882,0.408,47,195106
265,illicit affairs,folklore: the long pond studio sessions (from the Disney+ special) [deluxe edition],10,0.862,0.529,0.304,-10.567,119.58,0.44,46,190893
266,invisible string,folklore: the long pond studio sessions (from the Disney+ special) [deluxe edition],11,0.859,0.651,0.459,-11.128,83.455,0.454,46,252880
267,mad woman,folklore: the long pond studio sessions (from the Disney+ special) [deluxe edition],12,0.67,0.593,0.7,-9.016,141.898,0.451,44,237266
268,epiphany,folklore: the long pond studio sessions (from the Disney+ special) [deluxe edition],13,0.727,0.317,0.254,-13.679,93.933,0.103,43,289746
269,betty,folklore: the long pond studio sessions (from the Disney+ special) [deluxe edition],14,0.589,0.595,0.376,-8.767,95.946,0.476,45,294520
270,peace,folklore: the long pond studio sessions (from the Disney+ special) [deluxe edition],15,0.916,0.644,0.284,-12.879,150.072,0.328,43,234000
271,hoax,folklore: the long pond studio sessions (from the Disney+ special) [deluxe edition],16,0.964,0.676,0.178,-15.01,118.84,0.404,43,220040
272,the lakes - bonus track,folklore: the long pond studio sessions (from the Disney+ special) [deluxe edition],17,0.842,0.313,0.258,-11.532,179.947,0.268,45,211813
273,the 1 - the long pond studio sessions,folklore: the long pond studio sessions (from the Disney+ special) [deluxe edition],1,0.898,0.708,0.25,-10.731,139.803,0.156,54,219893
274,cardigan - the long pond studio sessions,folklore: the long pond studio sessions (from the Disney+ special) [deluxe edition],2,0.88,0.395,0.234,-9.704,86.478,0.247,54,230680
275,the last great american dynasty - the long pond studio sessions,folklore: the long pond studio sessions (from the Disney+ special) [deluxe edition],3,0.743,0.64,0.618,-11.715,147.948,0.614,51,232346
276,exile (feat. Bon Iver) - the long pond studio sessions,folklore: the long pond studio sessions (from the Disney+ special) [deluxe edition],4,0.848,0.359,0.305,-10.295,151.956,0.108,53,279893
277,my tears ricochet - the long pond studio sessions,folklore: the long pond studio sessions (from the Disney+ special) [deluxe edition],5,0.946,0.531,0.172,-12.34,129.007,0.168,55,295173
278,mirrorball - the long pond studio sessions,folklore: the long pond studio sessions (from the Disney+ special) [deluxe edition],6,0.78,0.509,0.386,-8.434,109.993,0.109,53,237373
279,seven - the long pond studio sessions,folklore: the long pond studio sessions (from the Disney+ special) [deluxe edition],7,0.914,0.694,0.449,-11.49,94.963,0.363,51,208986
280,august - the long pond studio sessions,folklore: the long pond studio sessions (from the Disney+ special) [deluxe edition],8,0.5,0.554,0.663,-8.961,89.977,0.545,54,260000
281,this is me trying - the long pond studio sessions,folklore: the long pond studio sessions (from the Disney+ special) [deluxe edition],9,0.928,0.435,0.332,-11.611,68.097,0.157,54,209293
282,illicit affairs - the long pond studio sessions,folklore: the long pond studio sessions (from the Disney+ special) [deluxe edition],10,0.883,0.489,0.235,-10.274,117.699,0.435,53,183720
283,invisible string - the long pond studio sessions,folklore: the long pond studio sessions (from the Disney+ special) [deluxe edition],11,0.942,0.59,0.282,-10.542,83.438,0.351,51,257359
284,mad woman - the long pond studio sessions,folklore: the long pond studio sessions (from the Disney+ special) [deluxe edition],12,0.887,0.663,0.465,-10.463,141.834,0.346,50,238333
285,epiphany - the long pond studio sessions,folklore: the long pond studio sessions (from the Disney+ special) [deluxe edition],13,0.916,0.524,0.2,-13.004,93.87,0.113,49,274880
286,betty - the long pond studio sessions,folklore: the long pond studio sessions (from the Disney+ special) [deluxe edition],14,0.841,0.538,0.316,-9.5,95.68,0.518,51,290040
287,peace - the long pond studio sessions,folklore: the long pond studio sessions (from the Disney+ special) [deluxe edition],15,0.93,0.619,0.344,-11.472,149.897,0.513,50,214373
288,hoax - the long pond studio sessions,folklore: the long pond studio sessions (from the Disney+ special) [deluxe edition],16,0.962,0.682,0.155,-13.083,118.832,0.483,51,221800
289,the lakes - the long pond studio sessions,folklore: the long pond studio sessions (from the Disney+ special) [deluxe edition],17,0.794,0.606,0.221,-11.767,89.844,0.112,53,199733
290,the 1,folklore (deluxe version),1,0.75,0.78,0.361,-6.942,139.902,0.163,68,210240
291,cardigan,folklore (deluxe version),2,0.525,0.612,0.58,-8.572,130.045,0.534,68,239560
292,the last great american dynasty,folklore (deluxe version),3,0.481,0.688,0.653,-8.558,147.991,0.701,66,231000
293,exile (feat. Bon Iver),folklore (deluxe version),4,0.761,0.31,0.374,-8.464,75.938,0.16,68,285640
294,my tears ricochet,folklore (deluxe version),5,0.814,0.456,0.265,-10.663,129.947,0.112,68,255893
295,mirrorball,folklore (deluxe version),6,0.686,0.549,0.417,-10.064,110.137,0.347,66,208973
296,seven,folklore (deluxe version),7,0.888,0.602,0.494,-10.813,94.955,0.374,66,208906
297,august,folklore (deluxe version),8,0.553,0.387,0.634,-9.222,89.567,0.42,68,261920
298,this is me trying,folklore (deluxe version),9,0.312,0.511,0.478,-9.837,135.882,0.408,66,195106
299,illicit affairs,folklore (deluxe version),10,0.862,0.529,0.304,-10.567,119.58,0.44,66,190893
300,invisible string,folklore (deluxe version),11,0.859,0.651,0.459,-11.128,83.455,0.454,66,252880
301,mad woman,folklore (deluxe version),12,0.67,0.593,0.7,-9.016,141.898,0.451,64,237266
302,epiphany,folklore (deluxe version),13,0.727,0.317,0.254,-13.679,93.933,0.103,63,289746
303,betty,folklore (deluxe version),14,0.589,0.595,0.376,-8.767,95.946,0.476,65,294520
304,peace,folklore (deluxe version),15,0.916,0.644,0.284,-12.879,150.072,0.328,63,234000
305,hoax,folklore (deluxe version),16,0.964,0.676,0.178,-15.01,118.84,0.404,63,220040
306,the lakes - bonus track,folklore (deluxe version),17,0.842,0.313,0.258,-11.532,179.947,0.268,67,211813
307,the 1,folklore,1,0.757,0.777,0.357,-6.942,139.884,0.172,74,210251
308,cardigan,folklore,2,0.537,0.613,0.581,-8.588,130.033,0.551,84,239560
309,the last great american dynasty,folklore,3,0.467,0.686,0.662,-8.505,147.922,0.706,70,230999
310,exile (feat. Bon Iver),folklore,4,0.778,0.298,0.38,-8.426,75.602,0.152,77,285634
311,my tears ricochet,folklore,5,0.806,0.469,0.263,-10.63,129.86,0.112,78,255893
312,mirrorball,folklore,6,0.687,0.553,0.413,-10.037,110.107,0.379,73,208977
313,seven,folklore,7,0.9,0.596,0.488,-10.769,94.922,0.415,70,208906
314,august,folklore,8,0.538,0.532,0.623,-9.208,89.937,0.403,84,261922
315,this is me trying,folklore,9,0.314,0.515,0.476,-9.843,135.886,0.412,73,195097
316,illicit affairs,folklore,10,0.881,0.559,0.31,-10.445,119.845,0.46,77,190898
317,invisible string,folklore,11,0.838,0.653,0.452,-11.143,83.433,0.45,73,252880
318,mad woman,folklore,12,0.655,0.592,0.699,-8.995,141.916,0.506,65,237258
319,epiphany,folklore,13,0.731,0.175,0.267,-13.69,94.203,0.106,64,289749
320,betty,folklore,14,0.6,0.593,0.377,-8.761,95.939,0.502,73,294521
321,peace,folklore,15,0.918,0.647,0.272,-12.906,150.044,0.339,65,234000
322,hoax,folklore,16,0.966,0.662,0.181,-15.065,118.819,0.429,65,220042
323,I Forgot That You Existed,Lover,1,0.298,0.664,0.316,-10.345,92.875,0.541,71,170640
324,Cruel Summer,Lover,2,0.117,0.552,0.702,-5.707,169.994,0.564,93,178426
325,Lover,Lover,3,0.492,0.359,0.543,-7.582,68.534,0.453,86,221306
326,The Man,Lover,4,0.0767,0.777,0.658,-5.191,110.048,0.633,81,190360
327,The Archer,Lover,5,0.12,0.292,0.574,-9.375,124.344,0.166,75,211240
328,I Think He Knows,Lover,6,0.00889,0.897,0.366,-8.029,100.003,0.416,72,173386
329,Miss Americana & The Heartbreak Prince,Lover,7,0.028,0.662,0.747,-6.926,150.088,0.487,79,234146
330,Paper Rings,Lover,8,0.0129,0.811,0.719,-6.553,103.979,0.865,78,222400
331,Cornelia Street,Lover,9,0.781,0.824,0.624,-9.728,102.012,0.248,74,287266
332,Death By A Thousand Cuts,Lover,10,0.454,0.712,0.732,-6.754,94.071,0.313,72,198533
333,London Boy,Lover,11,0.0246,0.695,0.71,-6.639,157.925,0.557,74,190240
334,Soon You’ll Get Better (feat. The Chicks),Lover,12,0.907,0.433,0.182,-12.566,207.476,0.421,66,201586
335,False God,Lover,13,0.736,0.739,0.32,-10.862,79.97,0.351,73,200306
336,You Need To Calm Down,Lover,14,0.00929,0.771,0.671,-5.617,85.026,0.714,80,171360
337,Afterglow,Lover,15,0.13,0.756,0.449,-8.746,111.011,0.399,74,223293
338,ME! (feat. Brendon Urie of Panic! At The Disco),Lover,16,0.033,0.61,0.83,-4.105,182.162,0.728,75,193000
339,It’s Nice To Have A Friend,Lover,17,0.971,0.737,0.175,-9.912,70.008,0.545,66,150440
340,Daylight,Lover,18,0.808,0.557,0.496,-9.602,149.983,0.265,78,293453
341,...Ready For It?,reputation,1,0.0527,0.613,0.764,-6.509,160.015,0.417,82,208186
342,End Game,reputation,2,0.00845,0.649,0.589,-6.237,159.073,0.151,74,244826
343,I Did Something Bad,reputation,3,0.0679,0.696,0.602,-6.156,82.989,0.305,75,238253
344,Don’t Blame Me,reputation,4,0.106,0.615,0.534,-6.719,135.917,0.193,85,236413
345,Delicate,reputation,5,0.216,0.75,0.404,-10.178,95.045,0.0499,81,232253
346,Look What You Made Me Do,reputation,6,0.204,0.766,0.709,-6.471,128.07,0.506,81,211853
347,So It Goes...,reputation,7,0.122,0.574,0.61,-7.283,74.957,0.374,69,227906
348,Gorgeous,reputation,8,0.0713,0.8,0.535,-6.684,92.027,0.451,76,209680
349,Getaway Car,reputation,9,0.00465,0.562,0.689,-6.745,172.054,0.351,79,233626
350,King Of My Heart,reputation,10,0.00882,0.675,0.703,-7.902,110.01,0.314,72,214320
351,Dancing With Our Hands Tied,reputation,11,0.0604,0.624,0.691,-6.686,160.024,0.284,72,211506
352,Dress,reputation,12,0.0329,0.719,0.469,-8.792,120.085,0.0851,75,230373
353,This Is Why We Can't Have Nice Things,reputation,13,0.0156,0.567,0.789,-5.986,163.96,0.438,70,207133
354,Call It What You Want,reputation,14,0.186,0.598,0.504,-9.874,163.954,0.252,75,203506
355,New Year’s Day,reputation,15,0.921,0.661,0.151,-12.864,94.922,0.23,70,235466
356,All Too Well,reputation Stadium Tour Surprise Song Playlist,1,0.0448,0.463,0.605,-7.803,186.113,0.317,35,329160
357,Wildest Dreams,reputation Stadium Tour Surprise Song Playlist,2,0.0703,0.55,0.688,-7.416,139.998,0.461,38,220440
358,The Best Day,reputation Stadium Tour Surprise Song Playlist,3,0.638,0.668,0.448,-8.567,126.066,0.386,30,246306
359,Red,reputation Stadium Tour Surprise Song Playlist,4,0.0779,0.605,0.899,-4.273,124.982,0.647,33,223093
360,Holy Ground,reputation Stadium Tour Surprise Song Playlist,5,0.0159,0.627,0.816,-6.698,157.043,0.648,29,202960
361,Teardrops On My Guitar - Radio Single Remix,reputation Stadium Tour Surprise Song Playlist,6,0.315,0.626,0.427,-6.993,99.962,0.265,32,204706
362,Our Song,reputation Stadium Tour Surprise Song Playlist,7,0.114,0.545,0.663,-5.05,178.016,0.565,36,203440
363,22,reputation Stadium Tour Surprise Song Playlist,8,0.00254,0.66,0.732,-6.565,104.009,0.677,35,232120
364,I Knew You Were Trouble.,reputation Stadium Tour Surprise Song Playlist,9,0.00476,0.536,0.464,-6.761,77.318,0.666,36,219720
365,I Don’t Wanna Live Forever (Fifty Shades Darker),reputation Stadium Tour Surprise Song Playlist,10,0.059,0.73,0.444,-8.418,117.979,0.106,79,247160
366,Mean,reputation Stadium Tour Surprise Song Playlist,11,0.449,0.576,0.755,-3.982,163.884,0.791,32,238693
367,How You Get The Girl,reputation Stadium Tour Surprise Song Playlist,12,0.00363,0.764,0.657,-6.112,119.995,0.546,31,247533
368,So It Goes...,reputation Stadium Tour Surprise Song Playlist,13,0.122,0.578,0.61,-7.283,74.996,0.371,54,227906
369,Fifteen,reputation Stadium Tour Surprise Song Playlist,14,0.07,0.549,0.63,-4.436,95.124,0.217,29,295320
370,Mine,reputation Stadium Tour Surprise Song Playlist,15,0.00311,0.622,0.781,-2.945,121.029,0.662,37,231866
371,Sparks Fly,reputation Stadium Tour Surprise Song Playlist,16,0.041,0.61,0.782,-2.98,114.974,0.399,31,262920
372,State Of Grace,reputation Stadium Tour Surprise Song Playlist,17,0.000182,0.591,0.828,-5.895,129.958,0.383,28,295720
373,Haunted,reputation Stadium Tour Surprise Song Playlist,18,0.0655,0.43,0.948,-2.622,162.026,0.371,30,245413
374,Never Grow Up,reputation Stadium Tour Surprise Song Playlist,19,0.824,0.714,0.309,-8.828,124.892,0.546,28,292920
375,Treacherous,reputation Stadium Tour Surprise Song Playlist,20,0.101,0.704,0.621,-8.086,109.996,0.395,27,242760
376,Babe,reputation Stadium Tour Surprise Song Playlist,21,0.0221,0.577,0.785,-3.266,171.78,0.647,29,215106
377,Welcome To New York,reputation Stadium Tour Surprise Song Playlist,22,0.0348,0.789,0.634,-4.762,117,0.658,31,212600
378,Fearless,reputation Stadium Tour Surprise Song Playlist,23,0.0381,0.603,0.717,-4.401,100.163,0.429,29,242973
379,Enchanted,reputation Stadium Tour Surprise Song Playlist,24,0.0707,0.536,0.629,-3.907,81.963,0.222,40,353253
380,Change,reputation Stadium Tour Surprise Song Playlist,25,0.00418,0.543,0.764,-4.206,95.999,0.233,26,281053
381,Ours,reputation Stadium Tour Surprise Song Playlist,26,0.469,0.609,0.56,-7.392,159.838,0.228,30,239346
382,Out Of The Woods,reputation Stadium Tour Surprise Song Playlist,27,0.000743,0.553,0.841,-6.937,91.999,0.339,32,235800
383,Come Back...Be Here,reputation Stadium Tour Surprise Song Playlist,28,0.00471,0.486,0.548,-6.291,79.873,0.22,28,223920
384,A Place in this World,reputation Stadium Tour Surprise Song Playlist,29,0.0576,0.573,0.767,-2.929,114.985,0.438,27,202080
385,This Love,reputation Stadium Tour Surprise Song Playlist,30,0.679,0.48,0.435,-8.795,143.942,0.108,28,250093
386,The Lucky One,reputation Stadium Tour Surprise Song Playlist,31,0.0352,0.706,0.505,-7.639,117.935,0.561,26,240266
387,Invisible,reputation Stadium Tour Surprise Song Playlist,32,0.56,0.608,0.384,-5.732,95.963,0.217,27,205853
388,Breathe,reputation Stadium Tour Surprise Song Playlist,33,0.416,0.442,0.48,-7.405,73.849,0.167,31,264946
389,Better Man,reputation Stadium Tour Surprise Song Playlist,34,0.121,0.503,0.844,-3.648,143.941,0.508,30,263613
390,Jump Then Fall,reputation Stadium Tour Surprise Song Playlist,35,0.113,0.617,0.699,-5.712,79.979,0.827,26,238093
391,Begin Again,reputation Stadium Tour Surprise Song Playlist,36,0.197,0.516,0.526,-8.349,78.985,0.312,27,239426
392,Tied Together with a Smile,reputation Stadium Tour Surprise Song Playlist,37,0.523,0.478,0.547,-4.948,146.134,0.238,27,251213
393,The Story Of Us,reputation Stadium Tour Surprise Song Playlist,38,0.00556,0.547,0.807,-3.63,139.911,0.645,28,267653
394,Forever & Always,reputation Stadium Tour Surprise Song Playlist,39,0.0805,0.607,0.829,-5.02,128.055,0.521,26,226293
395,Hey Stephen,reputation Stadium Tour Surprise Song Playlist,40,0.191,0.843,0.541,-7.361,116.002,0.839,26,256040
396,Speak Now,reputation Stadium Tour Surprise Song Playlist,41,0.0991,0.712,0.603,-3.753,118.979,0.714,28,243346
397,Wonderland,reputation Stadium Tour Surprise Song Playlist,42,0.0493,0.422,0.692,-5.447,184.019,0.197,30,245560
398,White Horse,reputation Stadium Tour Surprise Song Playlist,43,0.311,0.578,0.348,-8.066,92.671,0.218,28,235400
399,I'm Only Me When I'm With You,reputation Stadium Tour Surprise Song Playlist,44,0.00454,0.556,0.933,-3.685,143.929,0.521,28,215600
400,Starlight,reputation Stadium Tour Surprise Song Playlist,45,0.0186,0.649,0.779,-5.798,126.014,0.617,27,220600
401,I Know Places,reputation Stadium Tour Surprise Song Playlist,46,0.243,0.603,0.755,-4.991,159.971,0.496,28,195706
402,Welcome To New York,1989 (Deluxe),1,0.0348,0.789,0.634,-4.762,116.992,0.658,48,212600
403,Blank Space,1989 (Deluxe),2,0.103,0.76,0.703,-5.412,95.997,0.57,81,231826
404,Style,1989 (Deluxe),3,0.00245,0.588,0.791,-5.595,94.933,0.487,79,231000
405,Out Of The Woods,1989 (Deluxe),4,0.000743,0.553,0.841,-6.937,92.008,0.338,59,235800
406,All You Had To Do Was Stay,1989 (Deluxe),5,0.00201,0.605,0.725,-5.729,96.97,0.539,47,193293
407,Shake It Off,1989 (Deluxe),6,0.0647,0.647,0.8,-5.384,160.078,0.942,80,219200
408,I Wish You Would,1989 (Deluxe),7,0.0158,0.653,0.893,-5.966,118.035,0.513,51,207440
409,Bad Blood,1989 (Deluxe),8,0.0885,0.646,0.794,-6.104,170.216,0.287,52,211933
410,Wildest Dreams,1989 (Deluxe),9,0.0692,0.55,0.688,-7.416,139.997,0.465,52,220440
411,How You Get The Girl,1989 (Deluxe),10,0.00364,0.765,0.656,-6.112,119.997,0.545,55,247533
412,This Love,1989 (Deluxe),11,0.678,0.481,0.435,-8.795,143.95,0.107,50,250093
413,I Know Places,1989 (Deluxe),12,0.245,0.602,0.755,-4.991,159.965,0.495,50,195706
414,Clean,1989 (Deluxe),13,0.232,0.815,0.377,-7.754,103.97,0.211,55,271000
415,Wonderland,1989 (Deluxe),14,0.0493,0.422,0.692,-5.447,184.014,0.197,55,245560
416,You Are In Love,1989 (Deluxe),15,0.707,0.474,0.48,-8.894,170.109,0.319,55,267106
417,New Romantics,1989 (Deluxe),16,0.00463,0.633,0.889,-5.87,121.956,0.584,62,230466
418,I Know Places - Voice Memo,1989 (Deluxe),17,0.829,0.592,0.128,-17.932,78.828,0.15,0,216333
419,I Wish You Would - Voice Memo,1989 (Deluxe),18,0.717,0.781,0.357,-16.394,118.317,0.645,0,107133
420,Blank Space - Voice Memo,1989 (Deluxe),19,0.801,0.675,0.234,-15.064,127.296,0.578,0,131186
421,Welcome To New York,1989,1,0.038,0.793,0.634,-4.807,117.023,0.615,59,212600
422,Blank Space,1989,2,0.085,0.752,0.678,-5.421,96.009,0.583,60,231826
423,Style,1989,3,0.00256,0.598,0.786,-5.572,95.021,0.456,56,231000
424,Out Of The Woods,1989,4,0.00103,0.552,0.841,-6.938,91.993,0.342,46,235800
425,All You Had To Do Was Stay,1989,5,0.00196,0.602,0.735,-5.778,96.969,0.472,53,193293
426,Shake It Off,1989,6,0.0561,0.648,0.785,-5.414,160.02,0.943,53,219200
427,I Wish You Would,1989,7,0.016,0.649,0.898,-5.963,118.027,0.503,42,207440
428,Bad Blood,1989,8,0.0871,0.652,0.802,-6.114,170.157,0.295,71,211933
429,Wildest Dreams,1989,9,0.0709,0.553,0.664,-7.417,140.06,0.467,75,220440
430,How You Get The Girl,1989,10,0.00463,0.764,0.659,-6.136,119.982,0.525,43,247533
431,This Love,1989,11,0.635,0.485,0.459,-8.768,71.981,0.0858,42,250093
432,I Know Places,1989,12,0.231,0.595,0.763,-4.991,159.959,0.507,43,195706
433,Clean,1989,13,0.242,0.81,0.38,-7.755,103.981,0.211,42,271000
434,State Of Grace,Red (Deluxe Edition),1,0.000197,0.588,0.825,-5.882,129.968,0.397,43,295720
435,Red,Red (Deluxe Edition),2,0.0773,0.602,0.896,-4.267,124.978,0.641,54,223093
436,Treacherous,Red (Deluxe Edition),3,0.101,0.704,0.621,-8.086,109.995,0.395,41,242760
437,I Knew You Were Trouble.,Red (Deluxe Edition),4,0.00454,0.622,0.469,-6.798,77.019,0.679,59,219720
438,All Too Well,Red (Deluxe Edition),5,0.0382,0.602,0.609,-7.803,93.06,0.337,59,329160
439,22,Red (Deluxe Edition),6,0.00215,0.661,0.729,-6.561,103.987,0.668,59,232120
440,I Almost Do,Red (Deluxe Edition),7,0.0173,0.567,0.481,-7.357,145.865,0.233,43,244560
441,We Are Never Ever Getting Back Together,Red (Deluxe Edition),8,0.00957,0.628,0.676,-5.911,85.984,0.75,59,193146
442,Stay Stay Stay,Red (Deluxe Edition),9,0.307,0.729,0.748,-6.67,99.981,0.928,43,205853
443,The Last Time,Red (Deluxe Edition),10,0.035,0.505,0.443,-7.039,94.069,0.123,45,299013
444,Holy Ground,Red (Deluxe Edition),11,0.0162,0.627,0.816,-6.698,157.043,0.648,41,202960
445,Sad Beautiful Tragic,Red (Deluxe Edition),12,0.632,0.624,0.34,-12.411,129.987,0.261,40,284866
446,The Lucky One,Red (Deluxe Edition),13,0.0371,0.706,0.499,-7.675,117.937,0.545,40,240266
447,Everything Has Changed,Red (Deluxe Edition),14,0.36,0.624,0.458,-6.755,80.016,0.436,52,245413
448,Starlight,Red (Deluxe Edition),15,0.0213,0.649,0.777,-5.804,126.018,0.587,41,220600
449,Begin Again,Red (Deluxe Edition),16,0.199,0.53,0.526,-8.349,79.025,0.323,45,239426
450,The Moment I Knew,Red (Deluxe Edition),17,0.187,0.619,0.506,-7.327,126.03,0.274,38,286613
451,Come Back...Be Here,Red (Deluxe Edition),18,0.00471,0.483,0.548,-6.291,79.926,0.217,43,223920
452,Girl At Home,Red (Deluxe Edition),19,0.272,0.733,0.59,-5.86,125.048,0.633,37,220840
453,Treacherous - Original Demo Recording,Red (Deluxe Edition),20,0.175,0.828,0.64,-8.248,109.993,0.519,34,240266
454,Red - Original Demo Recording,Red (Deluxe Edition),21,0.113,0.678,0.902,-4.659,124.998,0.637,36,227080
455,State Of Grace - Acoustic,Red (Deluxe Edition),22,0.664,0.626,0.118,-15.91,105.597,0.0682,37,323080
456,State Of Grace,Red,1,0.000197,0.588,0.825,-5.882,129.968,0.397,40,295186
457,Red,Red,2,0.0773,0.602,0.896,-4.267,124.978,0.641,58,220826
458,Treacherous,Red,3,0.101,0.705,0.621,-8.086,109.993,0.395,38,240773
459,I Knew You Were Trouble.,Red,4,0.00454,0.622,0.469,-6.798,77.019,0.679,61,217973
460,All Too Well,Red,5,0.0382,0.602,0.609,-7.803,93.06,0.337,44,327893
461,22,Red,6,0.00215,0.658,0.729,-6.561,104.007,0.668,53,230133
462,I Almost Do,Red,7,0.0173,0.567,0.481,-7.357,145.865,0.233,39,242573
463,We Are Never Ever Getting Back Together,Red,8,0.00957,0.628,0.676,-5.911,85.984,0.75,59,191880
464,Stay Stay Stay,Red,9,0.307,0.729,0.748,-6.67,99.981,0.928,39,204826
465,The Last Time,Red,10,0.035,0.505,0.443,-7.039,94.069,0.123,38,298293
466,Holy Ground,Red,11,0.0162,0.627,0.816,-6.698,157.043,0.648,37,201853
467,Sad Beautiful Tragic,Red,12,0.632,0.624,0.34,-12.411,129.987,0.261,35,283680
468,The Lucky One,Red,13,0.0371,0.706,0.499,-7.675,117.937,0.545,36,240133
469,Everything Has Changed,Red,14,0.36,0.624,0.458,-6.755,80.017,0.436,50,243933
470,Starlight,Red,15,0.0213,0.649,0.777,-5.804,126.018,0.587,37,217826
471,Begin Again,Red,16,0.199,0.53,0.526,-8.349,79.025,0.323,56,237613
472,Sparks Fly - Live/2011,Speak Now World Tour Live,1,0.00917,0.455,0.783,-5.184,114.981,0.298,42,336826
473,Mine - Live/2011,Speak Now World Tour Live,2,0.00233,0.496,0.852,-4.775,120.969,0.442,40,259279
474,The Story Of Us - Live,Speak Now World Tour Live,3,0.00048,0.419,0.908,-5.156,139.813,0.472,40,290520
475,Mean - Live/2011,Speak Now World Tour Live,4,0.154,0.429,0.915,-4.373,163.752,0.432,40,246373
476,Ours - Live/2011,Speak Now World Tour Live,5,0.715,0.421,0.355,-10.21,77.769,0.267,39,245973
477,Back To December/Apologize/You're Not Sorry - Live/2011/Medley,Speak Now World Tour Live,6,0.155,0.374,0.516,-8.745,142.057,0.171,47,362826
478,Better Than Revenge - Live/2011,Speak Now World Tour Live,7,0.00306,0.445,0.887,-5.629,145.954,0.386,41,344573
479,Speak Now - Live/2011,Speak Now World Tour Live,8,0.0636,0.615,0.694,-5.251,118.876,0.373,40,248146
480,Last Kiss - Live/2011,Speak Now World Tour Live,9,0.205,0.427,0.395,-12.551,79.517,0.188,40,369066
481,Drops Of Jupiter - Live/2011,Speak Now World Tour Live,10,0.806,0.374,0.504,-8.407,109.025,0.27,46,315173
482,Bette Davis Eyes - Live/2011,Speak Now World Tour Live,11,0.713,0.327,0.488,-9.287,104.46,0.363,42,189146
483,I Want You Back - Live/2011,Speak Now World Tour Live,12,0.794,0.536,0.512,-6.794,97.397,0.249,40,83253
484,Dear John - Live/2011,Speak Now World Tour Live,13,0.0157,0.521,0.386,-8.784,119.518,0.138,40,404680
485,Enchanted - Live/2011,Speak Now World Tour Live,14,0.0747,0.34,0.663,-5.597,163.678,0.214,42,389213
486,Haunted - Live/2011,Speak Now World Tour Live,15,0.0245,0.338,0.818,-7.495,162.157,0.177,41,292426
487,Long Live - Live/2011,Speak Now World Tour Live,16,0.0053,0.544,0.728,-5.838,101.939,0.204,41,376466
488,Mine - POP Mix,Speak Now,1,0.00461,0.696,0.768,-3.863,121.05,0.692,42,230546
489,Sparks Fly,Speak Now,2,0.0387,0.608,0.785,-2.976,114.985,0.376,53,260946
490,Back To December,Speak Now,3,0.0202,0.517,0.606,-5.797,141.929,0.296,62,293040
491,Speak Now,Speak Now,4,0.101,0.708,0.601,-3.75,118.962,0.742,50,240773
492,Dear John,Speak Now,5,0.183,0.583,0.468,-5.378,119.375,0.126,46,403933
493,Mean,Speak Now,6,0.445,0.57,0.747,-3.978,164.004,0.808,51,237746
494,The Story Of Us,Speak Now,7,0.000315,0.575,0.855,-4.827,139.92,0.84,48,265680
495,Never Grow Up,Speak Now,8,0.829,0.715,0.308,-8.829,124.899,0.547,48,290480
496,Enchanted,Speak Now,9,0.0716,0.535,0.618,-3.913,81.975,0.228,71,352200
497,Better Than Revenge,Speak Now,10,0.0167,0.519,0.917,-3.185,145.882,0.652,54,217173
498,Innocent,Speak Now,11,0.202,0.553,0.604,-5.295,133.989,0.186,38,302266
499,Haunted,Speak Now,12,0.0769,0.434,0.944,-2.641,162.02,0.361,47,242093
500,Last Kiss,Speak Now,13,0.581,0.359,0.329,-9.531,84.358,0.208,49,367146
501,Long Live,Speak Now,14,0.0426,0.412,0.682,-4.319,203.959,0.146,51,317960
502,Mine - POP Mix,Speak Now (Deluxe Package),1,0.00461,0.696,0.768,-3.863,121.05,0.692,42,230546
503,Sparks Fly,Speak Now (Deluxe Package),2,0.0387,0.608,0.785,-2.976,114.985,0.376,52,260946
504,Back To December,Speak Now (Deluxe Package),3,0.0202,0.517,0.606,-5.797,141.929,0.296,63,293040
505,Speak Now,Speak Now (Deluxe Package),4,0.101,0.708,0.601,-3.75,118.962,0.742,51,240773
506,Dear John,Speak Now (Deluxe Package),5,0.183,0.583,0.468,-5.378,119.375,0.126,46,403887
507,Mean,Speak Now (Deluxe Package),6,0.445,0.57,0.747,-3.978,164.004,0.808,55,237746
508,The Story Of Us,Speak Now (Deluxe Package),7,0.000315,0.575,0.855,-4.827,139.92,0.84,40,265636
509,Never Grow Up,Speak Now (Deluxe Package),8,0.829,0.715,0.308,-8.829,124.899,0.547,44,290480
510,Enchanted,Speak Now (Deluxe Package),9,0.0716,0.535,0.618,-3.913,81.975,0.228,71,352200
511,Better Than Revenge,Speak Now (Deluxe Package),10,0.0167,0.519,0.917,-3.185,145.882,0.652,54,217173
512,Innocent,Speak Now (Deluxe Package),11,0.202,0.553,0.604,-5.295,133.989,0.186,40,302266
513,Haunted,Speak Now (Deluxe Package),12,0.0769,0.434,0.944,-2.641,162.02,0.361,48,242093
514,Last Kiss,Speak Now (Deluxe Package),13,0.581,0.359,0.329,-9.531,84.358,0.208,46,367146
515,Long Live,Speak Now (Deluxe Package),14,0.0426,0.412,0.682,-4.319,203.959,0.146,46,317960
516,Ours,Speak Now (Deluxe Package),15,0.505,0.61,0.556,-7.369,159.838,0.192,46,238173
517,If This Was A Movie,Speak Now (Deluxe Package),16,0.154,0.515,0.724,-3.498,147.788,0.257,45,234546
518,Superman,Speak Now (Deluxe Package),17,0.0187,0.582,0.817,-3.718,131.983,0.547,39,276266
519,Back To December - Acoustic,Speak Now (Deluxe Package),18,0.731,0.541,0.451,-6.522,141.713,0.333,49,292533
520,Haunted - Acoustic Version,Speak Now (Deluxe Package),19,0.841,0.574,0.462,-5.124,80.858,0.314,44,217626
521,Mine,Speak Now (Deluxe Package),20,0.00327,0.621,0.78,-2.934,121.038,0.672,57,230773
522,Back To December,Speak Now (Deluxe Package),21,0.113,0.525,0.676,-4.684,141.95,0.281,34,293040
523,The Story Of Us,Speak Now (Deluxe Package),22,0.00487,0.546,0.809,-3.621,139.91,0.649,52,266480
524,Jump Then Fall,Fearless (Platinum Edition),1,0.111,0.618,0.687,-5.737,79.991,0.82,41,237066
525,Untouchable,Fearless (Platinum Edition),2,0.0583,0.419,0.454,-6.809,200.017,0.288,43,311040
526,Forever & Always - Piano Version,Fearless (Platinum Edition),3,0.852,0.592,0.16,-10.785,118.929,0.294,41,267506
527,Come In With The Rain,Fearless (Platinum Edition),4,0.0961,0.527,0.461,-6.172,143.94,0.23,39,238093
528,SuperStar,Fearless (Platinum Edition),5,0.367,0.61,0.531,-6.123,85.979,0.228,38,261453
529,The Other Side Of The Door,Fearless (Platinum Edition),6,0.169,0.476,0.816,-4.279,163.847,0.469,39,237600
530,Fearless,Fearless (Platinum Edition),7,0.0364,0.598,0.714,-4.397,99.979,0.467,50,242000
531,Fifteen,Fearless (Platinum Edition),8,0.0728,0.559,0.636,-4.4,95.485,0.214,40,294346
532,Love Story,Fearless (Platinum Edition),9,0.157,0.618,0.736,-3.937,118.982,0.307,56,235280
533,Hey Stephen,Fearless (Platinum Edition),10,0.168,0.843,0.553,-7.348,115.997,0.825,43,254320
534,White Horse,Fearless (Platinum Edition),11,0.302,0.585,0.346,-8.014,92.564,0.195,42,234440
535,You Belong With Me,Fearless (Platinum Edition),12,0.164,0.687,0.771,-4.424,129.964,0.445,57,231146
536,Breathe,Fearless (Platinum Edition),13,0.373,0.498,0.486,-7.384,147.952,0.17,38,263986
537,Tell Me Why,Fearless (Platinum Edition),14,0.0606,0.601,0.852,-3.096,100.015,0.513,40,200560
538,You're Not Sorry,Fearless (Platinum Edition),15,0.13,0.459,0.459,-4.126,134.018,0.281,42,261800
539,The Way I Loved You,Fearless (Platinum Edition),16,0.0322,0.436,0.712,-3.689,160.886,0.379,48,244240
540,Forever & Always,Fearless (Platinum Edition),17,0.0907,0.605,0.829,-4.993,128.012,0.514,43,225333
541,The Best Day,Fearless (Platinum Edition),18,0.611,0.664,0.447,-8.535,126.079,0.364,40,245346
542,Change,Fearless (Platinum Edition),19,0.00471,0.548,0.756,-4.175,96.038,0.224,40,281053
543,Fearless,Fearless (International Version),1,0.0449,0.593,0.705,-4.43,100.11,0.472,36,242373
544,Fifteen,Fearless (International Version),2,0.072,0.555,0.648,-4.419,95.431,0.207,32,294306
545,Love Story,Fearless (International Version),3,0.0186,0.62,0.639,-5.398,119.055,0.34,46,233933
546,Hey Stephen,Fearless (International Version),4,0.174,0.843,0.543,-7.364,116,0.826,30,254680
547,White Horse,Fearless (International Version),5,0.298,0.587,0.342,-8.034,92.71,0.212,33,233560
548,You Belong With Me,Fearless (International Version),6,0.151,0.688,0.775,-4.436,129.969,0.469,45,230506
549,Breathe,Fearless (International Version),7,0.389,0.488,0.472,-7.39,147.926,0.163,31,263720
550,Tell Me Why,Fearless (International Version),8,0.0611,0.606,0.848,-3.058,99.999,0.476,27,200213
551,You're Not Sorry,Fearless (International Version),9,0.145,0.471,0.458,-4.137,133.96,0.309,28,261800
552,The Way I Loved You,Fearless (International Version),10,0.0315,0.434,0.723,-3.748,160.872,0.412,31,244626
553,Forever & Always,Fearless (International Version),11,0.0788,0.604,0.816,-5.002,128,0.55,28,225000
554,The Best Day,Fearless (International Version),12,0.648,0.671,0.44,-8.561,126.059,0.368,26,245266
555,Change,Fearless (International Version),13,0.00465,0.545,0.747,-4.231,96.017,0.214,25,278546
556,Our Song - International Mix,Fearless (International Version),14,0.00739,0.516,0.696,-4.833,177.936,0.664,31,199933
557,Teardrops On My Guitar - International Mix,Fearless (International Version),15,0.0178,0.514,0.557,-6.307,99.974,0.152,34,193640
558,Should've Said No - International Mix,Fearless (International Version),16,0.00505,0.398,0.761,-4.382,168.092,0.454,29,245826
559,Love Story - Live From Clear Channel Stripped 2008,Live From Clear Channel Stripped 2008,1,0.659,0.741,0.444,-7.031,119.006,0.512,35,221028
560,Fearless - Live From Clear Channel Stripped 2008,Live From Clear Channel Stripped 2008,2,0.814,0.623,0.266,-5.894,96.601,0.467,35,198247
561,Beautiful Eyes - Live From Clear Channel Stripped 2008,Live From Clear Channel Stripped 2008,3,0.596,0.627,0.704,-3.739,98.958,0.457,38,176316
562,Untouchable - Live From Clear Channel Stripped 2008,Live From Clear Channel Stripped 2008,4,0.856,0.731,0.184,-9.235,102.404,0.331,32,222959
563,Teardrops On My Guitar - Live From Clear Channel Stripped 2008,Live From Clear Channel Stripped 2008,5,0.664,0.344,0.801,-5.373,204.489,0.615,30,196346
564,Picture To Burn - Live From Clear Channel Stripped 2008,Live From Clear Channel Stripped 2008,6,0.266,0.647,0.872,-1.953,105.798,0.684,30,173899
565,Should've Said No - Live From Clear Channel Stripped 2008,Live From Clear Channel Stripped 2008,7,0.399,0.429,0.808,-3.004,171.537,0.438,30,228473
566,Change - Live From Clear Channel Stripped 2008,Live From Clear Channel Stripped 2008,8,0.156,0.243,0.712,-4.307,202.319,0.273,28,258487
567,Tim McGraw,Taylor Swift (Deluxe Edition),1,0.575,0.58,0.491,-6.462,76.009,0.425,56,232106
568,Picture To Burn,Taylor Swift (Deluxe Edition),2,0.173,0.658,0.877,-2.098,105.586,0.821,61,173066
569,Teardrops On My Guitar - Radio Single Remix,Taylor Swift (Deluxe Edition),3,0.288,0.621,0.417,-6.941,99.953,0.289,63,203040
570,A Place in this World,Taylor Swift (Deluxe Edition),4,0.051,0.576,0.777,-2.881,115.028,0.428,55,199200
571,Cold As You,Taylor Swift (Deluxe Edition),5,0.217,0.418,0.482,-5.769,175.558,0.261,55,239013
572,The Outside,Taylor Swift (Deluxe Edition),6,0.00491,0.589,0.805,-4.055,112.982,0.591,54,207106
573,Tied Together with a Smile,Taylor Swift (Deluxe Edition),7,0.525,0.479,0.578,-4.963,146.165,0.192,54,248106
574,Stay Beautiful,Taylor Swift (Deluxe Edition),8,0.0868,0.594,0.629,-4.919,131.597,0.504,53,236053
575,Should've Said No,Taylor Swift (Deluxe Edition),9,0.0103,0.476,0.777,-3.771,167.964,0.472,60,242200
576,Mary's Song (Oh My My My),Taylor Swift (Deluxe Edition),10,0.0177,0.403,0.627,-5.28,74.9,0.374,57,213080
577,Our Song,Taylor Swift (Deluxe Edition),11,0.111,0.668,0.672,-4.931,89.011,0.539,64,201106
578,I'm Only Me When I'm With You,Taylor Swift (Deluxe Edition),12,0.00452,0.563,0.934,-3.629,143.964,0.518,56,213053
579,Invisible,Taylor Swift (Deluxe Edition),13,0.637,0.612,0.394,-5.723,96.001,0.233,54,203226
580,A Perfectly Good Heart,Taylor Swift (Deluxe Edition),14,0.00349,0.483,0.751,-5.726,156.092,0.268,53,220146
581,Teardrops on My Guitar - Pop Version,Taylor Swift (Deluxe Edition),15,0.0402,0.459,0.753,-3.827,199.997,0.483,55,179066